Vegobjekt_540_id,Vegnamn,Art,"ÅDT, total_avg",Vegobjekt_540_lengde_avg,UTM_nord_int_avg,UTM33_øst_int_avg,antall_kollisjoner,frekvens,årsrisiko,samanlikning_yrke
1024045528.0,FV6360,Rådyr,700,2612,7078074,245842,3,0.00044952844466155,0.0674292666992325,>2x høgare risiko enn høgrisikoyrke
1024045604.0,FV721,Rådyr,1440,5634,7083623,240149,7,0.0002363882256510672,0.03545823384766008,1-2x høgare risiko enn høyrisikoyrke
1024045835.0,FV755,Rådyr,550,3892,7084413,305862,4,0.0005119547841534635,0.07679321762301954,>2x høgare risiko enn høgrisikoyrke
1024046419.0,FV715,Rådyr,4160,6814,7044572,263187,6,5.7991310891263045e-05,0.008698696633689457,Kontoryrke
1024045783.0,FV768,Rådyr,866,17686,7189203,328710,7,0.00012521537626073952,0.01878230643911093,"Bønder, fiskarar mv."
1022805368.0,EV6,Rådyr,11800,1736,7070779,312513,4,5.3497735440858786e-05,0.008024660316128817,Kontoryrke
1024046011.0,FV770,Rådyr,2300,7350,7196549,330368,17,0.00027551222990685256,0.041326834486027884,1-2x høgare risiko enn høyrisikoyrke
1024046009.0,FV6890,Rådyr,550,6225,7079070,306235,4,0.00032008482247795667,0.0480127233716935,>2x høgare risiko enn høgrisikoyrke
1024046955.0,FV6918,Rådyr,300,8196,7088340,305225,3,0.00033427599162972916,0.05014139874445937,>2x høgare risiko enn høgrisikoyrke
1022805904.0,EV6,Rådyr,8480,3885,7067252,308301,6,4.98966640088377e-05,0.0074844996013256546,Kontoryrke
1024046089.0,FV704,Rådyr,1700,2610,7023779,271544,3,0.00018524178684227588,0.02778626802634138,1-2x høgare risiko enn høyrisikoyrke
1024045637.0,FV6982,Rådyr,1000,10607,7105171,324694,9,0.0002324647331627731,0.03486970997441596,1-2x høgare risiko enn høyrisikoyrke
1024046660.0,FV6956,Rådyr,499,4470,7099783,326827,3,0.0003684854309151538,0.05527281463727307,>2x høgare risiko enn høgrisikoyrke
1022805893.0,EV6,Rådyr,16500,947,7027466,263693,3,5.260105649221965e-05,0.007890158473832946,Kontoryrke
1024046721.0,FV769,Rådyr,700,4822,7192204,328645,5,0.0004058372381639599,0.060875585724593985,>2x høgare risiko enn høgrisikoyrke
1024046640.0,FV700,Rådyr,1800,6784,6998209,232713,7,0.0001570532150139284,0.023557982252089257,1-2x høgare risiko enn høyrisikoyrke
1024046398.0,FV714,Rådyr,2080,5404,7069442,195313,4,9.749637118506449e-05,0.014624455677759673,"Renhaldarar, hjelpearbeidarar mv."
1024045611.0,FV6440,Rådyr,800,4754,7059793,210282,5,0.000360186951435273,0.05402804271529095,>2x høgare risiko enn høgrisikoyrke
1024045937.0,FV720,Rådyr,1160,3332,7062968,253084,4,0.00028353334720756515,0.04253000208113477,>2x høgare risiko enn høgrisikoyrke
1024045964.0,FV755,Rådyr,697,28148,7059440,272831,20,0.00027929091622465926,0.04189363743369889,>2x høgare risiko enn høgrisikoyrke
1024046133.0,FV757,Rådyr,2100,1803,7077814,331133,3,0.00021707677897133827,0.032561516845700744,1-2x høgare risiko enn høyrisikoyrke
1024046995.0,FV6368,Rådyr,300,6589,7058585,250617,5,0.0006930050152772956,0.10395075229159434,>5x høgare risiko enn høgrisikoyrke
1024046633.0,FV6360,Rådyr,1070,1399,7079990,244333,4,0.0007320919555082096,0.10981379332623144,>5x høgare risiko enn høgrisikoyrke
1024045535.0,FV718,Rådyr,836,9080,7062495,245348,8,0.000288738699850058,0.04331080497750869,>2x høgare risiko enn høgrisikoyrke
1024045805.0,FV6430,Hjort,600,9828,7037694,206416,5,0.00023230616837922774,0.03484592525688416,1-2x høgare risiko enn høyrisikoyrke
1024046045.0,FV755,Elg,619,15466,7082466,295980,5,0.00014308973685971962,0.021463460528957944,1-2x høgare risiko enn høyrisikoyrke
1024046202.0,FV714,Rådyr,1980,7341,7054355,213015,3,5.654679255566e-05,0.008482018883349,Kontoryrke
1024046157.0,FV753,Rådyr,1700,8092,7059719,296539,7,0.00013941207141243946,0.02091181071186592,1-2x høgare risiko enn høyrisikoyrke
1024046468.0,FV769,Rådyr,411,27522,7181304,332091,8,0.00019376498994724223,0.029064748492086335,1-2x høgare risiko enn høyrisikoyrke
1024046346.0,FV710,Rådyr,4100,2136,7080656,240851,5,0.0001564199111284633,0.023462986669269496,1-2x høgare risiko enn høyrisikoyrke
1024047163.0,FV6794,Rådyr,760,6829,7045484,303686,3,0.0001583644457883134,0.023754666868247013,1-2x høgare risiko enn høyrisikoyrke
1022805364.0,EV6,Rådyr,11000,5601,7014030,263926,4,1.7787252454251742e-05,0.0026680878681377613,lågare risiko enn dei fleste yrke
1024046652.0,FV6952,Rådyr,280,5291,7096044,330154,5,0.0009246584589050343,0.13869876883575513,>5x høgare risiko enn høgrisikoyrke
1024045598.0,FV769,Elg,2600,2200,7157528,330534,4,0.0001915892326851231,0.028738384902768466,1-2x høgare risiko enn høyrisikoyrke
1024045738.0,FV755,Rådyr,392,15511,7078767,285038,3,0.00013517691332602308,0.02027653699890346,Håndverkarar
1022805388.0,EV6,Elg,2600,31163,7120121,347295,6,2.028830561437943e-05,0.0030432458421569145,Leiarar
1024046270.0,FV770,Rådyr,2500,1458,7196419,325330,6,0.0004509837082135408,0.06764755623203111,>2x høgare risiko enn høgrisikoyrke
1024046433.0,FV763,Rådyr,500,30115,7116692,349198,11,0.000200146015615938,0.0300219023423907,1-2x høgare risiko enn høyrisikoyrke
1024045843.0,FV6984,Rådyr,220,11420,7107560,316382,4,0.00043619264884528904,0.06542889732679336,>2x høgare risiko enn høgrisikoyrke
1024046114.0,FV720,Rådyr,735,13592,7105206,314824,7,0.0001919704887607038,0.02879557331410557,1-2x høgare risiko enn høyrisikoyrke
1024045666.0,FV715,Rådyr,2160,6340,7054781,261168,5,0.00010003088953868955,0.015004633430803433,"Renhaldarar, hjelpearbeidarar mv."
1024045635.0,FV713,Rådyr,500,60514,7056597,172415,6,5.432910124726034e-05,0.008149365187089051,Kontoryrke
1022805754.0,EV6,Elg,4400,13248,6959171,238329,6,2.820040789069973e-05,0.00423006118360496,Leiarar
1022805567.0,EV6,Elg,2700,8321,7147839,370537,3,3.658382442544646e-05,0.005487573663816969,Høgskuleyrke
1024047044.0,FV17,Elg,3800,3671,7110401,328529,5,9.819947337586418e-05,0.014729921006379628,"Renhaldarar, hjelpearbeidarar mv."
1024045639.0,FV770,Elg,770,24849,7204322,352664,4,5.727531489986031e-05,0.008591297234979046,Kontoryrke
1024047173.0,FV769,Rådyr,2350,1726,7155084,330970,3,0.000202637461655082,0.030395619248262302,1-2x høgare risiko enn høyrisikoyrke
1022805754.0,EV6,Rådyr,4400,13248,6957418,236059,11,5.170074779961617e-05,0.007755112169942425,Kontoryrke
1024046552.0,FV761,Rådyr,2890,2071,7097932,321770,3,0.0001373252659011958,0.02059878988517937,Håndverkarar
1024046378.0,FV770,Rådyr,479,7560,7205565,312916,5,0.0003782856186551099,0.05674284279826648,>2x høgare risiko enn høgrisikoyrke
1024046601.0,FV715,Rådyr,1720,13505,7073908,264834,7,8.256236790758299e-05,0.012384355186137449,Sals- og serviceyrke
1024046601.0,FV715,Elg,1720,13505,7075322,264993,4,4.717849594719028e-05,0.007076774392078542,Kontoryrke
1024046090.0,FV6936,Rådyr,600,6554,7096555,316594,5,0.0003483529177343684,0.052252937660155256,>2x høgare risiko enn høgrisikoyrke
1024046694.0,FV6432,Hjort,338,29036,7037189,214186,3,8.374808829634647e-05,0.01256221324445197,Sals- og serviceyrke
1024045894.0,FV680,Rådyr,1580,11332,7029910,201322,7,0.00010711283713076904,0.016066925569615358,"Renhaldarar, hjelpearbeidarar mv."
1022805677.0,EV6,Rådyr,3590,8567,6949105,225344,6,5.344845679584635e-05,0.008017268519376952,Kontoryrke
1024046468.0,FV769,Elg,411,27522,7175872,329706,3,7.266187123021583e-05,0.010899280684532374,Kontoryrke
1024047066.0,FV707,Rådyr,2310,3619,7043889,259936,3,9.831682094132555e-05,0.014747523141198832,"Renhaldarar, hjelpearbeidarar mv."
1022805435.0,EV6,Elg,2410,12050,7139985,371424,6,5.660493505409191e-05,0.008490740258113787,Kontoryrke
1022805470.0,EV14,Rådyr,7070,4799,7043452,300155,10,8.07489663657905e-05,0.012112344954868574,Sals- og serviceyrke
1024046670.0,FV718,Rådyr,355,18427,7073919,251083,6,0.00025129011033845104,0.03769351655076766,1-2x høgare risiko enn høyrisikoyrke
1024046069.0,FV6392,Rådyr,550,4317,7076941,245527,4,0.0004615538614605699,0.06923307921908549,>2x høgare risiko enn høgrisikoyrke
1024045852.0,FV707,Rådyr,2200,6091,7033109,260713,3,6.133623440091775e-05,0.009200435160137663,Kontoryrke
1024045491.0,FV723,Rådyr,1300,10467,7104454,262627,4,8.053813163413983e-05,0.012080719745120976,Sals- og serviceyrke
1024045748.0,FV710,Rådyr,2040,11101,7082604,249213,8,9.678428643232142e-05,0.014517642964848214,"Renhaldarar, hjelpearbeidarar mv."
1022805621.0,EV6,Rådyr,4980,4610,6954469,231779,3,3.5801244379652146e-05,0.0053701866569478215,Høgskuleyrke
1024046937.0,FV708,Elg,1200,5986,7024001,259387,3,0.0001144222363597252,0.017163335453958782,"Renhaldarar, hjelpearbeidarar mv."
1022805676.0,EV6,Rådyr,1820,11103,7170865,386828,3,4.067397922446354e-05,0.006101096883669531,Høgskuleyrke
1022805381.0,EV6,Rådyr,2400,7592,7180122,396357,3,4.510876625719936e-05,0.006766314938579904,Høgskuleyrke
1024046452.0,FV763,Rådyr,1100,6085,7109168,337635,7,0.00028651799793502386,0.04297769969025358,>2x høgare risiko enn høgrisikoyrke
1024046631.0,FV766,Elg,700,17819,7145227,317115,3,6.589417461451084e-05,0.009884126192176627,Kontoryrke
1024046936.0,FV7094,Rådyr,175,5832,7206286,308815,7,0.0018790987842230867,0.281864817633463,>10x høgare risiko enn høgrisikoyrke
1024046631.0,FV766,Rådyr,700,17819,7145935,316086,5,0.00010982362435751807,0.01647354365362771,"Renhaldarar, hjelpearbeidarar mv."
1024046321.0,FV762,Elg,1100,4553,7103768,334339,3,0.0001641111371561564,0.02461667057342346,1-2x høgare risiko enn høyrisikoyrke
1022805783.0,EV14,Elg,1830,15372,7032273,343072,3,2.921776049488809e-05,0.004382664074233214,Leiarar
1024045551.0,FV17,Elg,877,20271,7199130,377586,3,4.6233164802736944e-05,0.006934974720410542,Høgskuleyrke
1024046131.0,FV717,Rådyr,1500,4662,7052355,248405,9,0.0003526030923291197,0.05289046384936796,>2x høgare risiko enn høgrisikoyrke
1022805428.0,EV6,Rådyr,2100,5896,7115016,335016,5,0.00011063699470978146,0.01659554920646722,"Renhaldarar, hjelpearbeidarar mv."
1024046542.0,FV30,Hjort,2230,10163,6995939,265625,3,3.626616237036653e-05,0.005439924355554979,Høgskuleyrke
1024046459.0,FV761,Rådyr,2200,2804,7095313,319656,4,0.00017765050106323825,0.026647575159485737,1-2x høgare risiko enn høyrisikoyrke
1024045805.0,FV6430,Rådyr,600,9828,7035410,204857,5,0.00023230616837922774,0.03484592525688416,1-2x høgare risiko enn høyrisikoyrke
1024045834.0,FV714,Hjort,2300,7883,7063816,201860,4,6.044324390730213e-05,0.009066486586095318,Kontoryrke
1024045635.0,FV713,Hjort,500,60514,7056124,197526,8,7.243880166301379e-05,0.010865820249452068,Kontoryrke
1024045823.0,FV755,Rådyr,1000,920,7068705,284028,3,0.0008933889219773674,0.1340083382966051,>5x høgare risiko enn høgrisikoyrke
1022805567.0,EV6,Rådyr,2700,8321,7146720,370993,3,3.658382442544646e-05,0.005487573663816969,Høgskuleyrke
1024045655.0,FV717,Rådyr,1580,4049,7056222,248245,7,0.00029977838240698314,0.04496675736104747,>2x høgare risiko enn høgrisikoyrke
1022805551.0,EV6,Rådyr,8400,5216,7063637,306221,3,1.8759079394426903e-05,0.0028138619091640353,lågare risiko enn dei fleste yrke
1022805607.0,EV14,Rådyr,3000,6052,7041304,314148,3,4.526976251482585e-05,0.006790464377223877,Høgskuleyrke
1024046755.0,FV718,Rådyr,2190,2792,7061366,251395,4,0.00017922871788915887,0.02688430768337383,1-2x høgare risiko enn høyrisikoyrke
1022805738.0,EV39,Hjort,1700,13680,7019410,177137,9,0.00010602654904788159,0.01590398235718224,"Renhaldarar, hjelpearbeidarar mv."
1024045639.0,FV770,Rådyr,770,24849,7205585,355342,5,7.159414362482538e-05,0.010739121543723806,Kontoryrke
1024045703.0,FV74,Elg,418,55635,7151727,417196,5,5.8905082111946765e-05,0.008835762316792015,Kontoryrke
1024047170.0,FV753,Rådyr,2100,2529,7059189,302724,3,0.00015476055060708696,0.023214082591063043,1-2x høgare risiko enn høyrisikoyrke
1024046086.0,FV17,Rådyr,2960,2858,7153915,348842,5,0.0001619284669985898,0.02428927004978847,1-2x høgare risiko enn høyrisikoyrke
1022805624.0,EV6,Elg,9600,7748,7056763,301897,3,1.1050134016025346e-05,0.0016575201024038018,lågare risiko enn dei fleste yrke
1022805676.0,EV6,Elg,1820,11103,7171010,387194,3,4.067397922446354e-05,0.006101096883669531,Høgskuleyrke
1024045820.0,FV6890,Rådyr,550,7275,7078219,308072,5,0.0003423587663101856,0.05135381494652785,>2x høgare risiko enn høgrisikoyrke
1022805916.0,EV39,Rådyr,1660,9285,7021947,192489,5,8.887654097479612e-05,0.013331481146219418,Sals- og serviceyrke
1024045981.0,FV700,Rådyr,766,8393,6992754,234810,4,0.00017045947013517482,0.025568920520276223,1-2x høgare risiko enn høyrisikoyrke
1024045906.0,FV6356,Rådyr,400,16391,7083423,236916,6,0.0002507222891279294,0.037608343369189404,1-2x høgare risiko enn høyrisikoyrke
1024046063.0,FV705,Rådyr,2300,4075,7021386,303441,3,8.769461810820785e-05,0.013154192716231177,Sals- og serviceyrke
1022805870.0,EV6,Elg,2500,7382,7165113,382863,3,4.453632122563956e-05,0.006680448183845934,Høgskuleyrke
1022805828.0,EV14,Hjort,3400,5232,7040652,311739,3,4.620423008967317e-05,0.006930634513450976,Høgskuleyrke
1024046392.0,FV710,Elg,4130,3702,7079168,239631,3,5.375785408967982e-05,0.008063678113451973,Kontoryrke
1024045598.0,FV769,Rådyr,2600,2200,7156230,330738,4,0.0001915892326851231,0.028738384902768466,1-2x høgare risiko enn høyrisikoyrke
1024046686.0,FV6623,Rådyr,500,4230,7025353,250150,3,0.0003886136209074128,0.058292043136111915,>2x høgare risiko enn høgrisikoyrke
1024046392.0,FV710,Rådyr,4130,3702,7078859,239143,13,0.00023295070105527923,0.03494260515829188,1-2x høgare risiko enn høyrisikoyrke
1024045683.0,FV766,Rådyr,435,9478,7156573,303448,11,0.0007309604165331418,0.10964406247997126,>5x høgare risiko enn høgrisikoyrke
1024046693.0,FV6328,Rådyr,718,9919,7102587,269962,5,0.00019234672907635835,0.02885200936145375,1-2x høgare risiko enn høyrisikoyrke
1024045881.0,FV760,Rådyr,1200,11864,7153593,359329,3,5.773192067172245e-05,0.008659788100758367,Kontoryrke
1022805388.0,EV6,Rådyr,2600,31163,7122230,351803,8,2.705107415250591e-05,0.004057661122875886,Leiarar
1024045527.0,FV710,Rådyr,1970,8511,7033478,243108,4,6.536124412056205e-05,0.009804186618084307,Kontoryrke
1024046396.0,FV30,Rådyr,1380,12040,6979231,306428,4,6.595710018289904e-05,0.009893565027434856,Kontoryrke
1024045886.0,FV717,Rådyr,1300,6690,7051289,254286,5,0.000157509832551297,0.02362647488269455,1-2x høgare risiko enn høyrisikoyrke
1024045960.0,FV6818,Rådyr,500,2354,7062207,293289,3,0.0006983158948336263,0.10474738422504394,>5x høgare risiko enn høgrisikoyrke
1024045895.0,FV710,Hjort,1490,19621,7042610,247295,6,5.622778554405843e-05,0.008434167831608766,Kontoryrke
1024045877.0,FV6654,Rådyr,1800,5465,7034698,260144,8,0.000222809883289398,0.0334214824934097,1-2x høgare risiko enn høyrisikoyrke
1024045530.0,FV30,Rådyr,1300,30272,6986285,293499,5,3.4809090240756374e-05,0.005221363536113456,Høgskuleyrke
1022805706.0,EV39,Hjort,2450,21968,7022727,202374,3,1.5271151512017074e-05,0.002290672726802561,lågare risiko enn dei fleste yrke
1024046188.0,FV720,Rådyr,1000,2156,7061487,253170,3,0.00038122347319998986,0.05718352097999848,>2x høgare risiko enn høgrisikoyrke
1024046401.0,FV17,Rådyr,2800,2723,7112631,322527,3,0.0001078009821388146,0.01617014732082219,"Renhaldarar, hjelpearbeidarar mv."
1024045895.0,FV710,Rådyr,1490,19621,7045766,246163,5,4.685648795338203e-05,0.007028473193007305,Kontoryrke
1024045831.0,FV31,Elg,612,24096,6945301,330939,4,7.431401917919987e-05,0.01114710287687998,Kontoryrke
1024046005.0,FV705,Rådyr,700,16632,7010099,308107,3,7.05969394814796e-05,0.010589540922221941,Kontoryrke
1024046982.0,FV65,Rådyr,5440,3137,7024576,237765,3,4.816315983207882e-05,0.007224473974811823,Kontoryrke
1024046726.0,FV767,Rådyr,920,12989,7156886,324870,8,0.00018341446289986245,0.027512169434979368,1-2x høgare risiko enn høyrisikoyrke
1024045652.0,FV766,Rådyr,349,14238,7157906,298370,12,0.0006616281368348216,0.09924422052522325,>2x høgare risiko enn høgrisikoyrke
1024046621.0,FV6942,Rådyr,300,8967,7092652,316522,3,0.00030553429546082973,0.04583014431912446,>2x høgare risiko enn høgrisikoyrke
1024045770.0,FV7040,Rådyr,716,26246,7151814,344360,5,7.289554597192305e-05,0.010934331895788458,Kontoryrke
1024046122.0,FV770,Rådyr,3800,3178,7196474,323125,6,0.00013611967278645592,0.020417950917968386,Håndverkarar
1024046664.0,FV6392,Rådyr,500,6970,7078905,249706,4,0.0003144592283956683,0.04716888425935025,>2x høgare risiko enn høgrisikoyrke
1024045748.0,FV710,Elg,2040,11101,7082761,247830,4,4.839214321616071e-05,0.007258821482424107,Kontoryrke
1024045936.0,FV760,Rådyr,2000,4334,7151957,369249,3,9.482208216649493e-05,0.014223312324974239,Sals- og serviceyrke
1024045807.0,FV715,Rådyr,1600,11321,7061244,262613,5,7.562621531328009e-05,0.011343932296992014,Kontoryrke
1024046244.0,FV6712,Rådyr,507,5116,7020775,297927,4,0.0004225018663491819,0.06337527995237728,>2x høgare risiko enn høgrisikoyrke
1024045735.0,FV715,Elg,1470,5062,7067503,265091,3,0.00011045589899117314,0.016568384848675972,"Renhaldarar, hjelpearbeidarar mv."
1022805395.0,EV39,Hjort,2080,5925,7011488,161270,6,0.0001333849088314148,0.02000773632471222,"Prosess- og maskinoperatørar, transportarbeidarar mv."
1024046320.0,FV715,Rådyr,550,35965,7110764,274194,4,5.540186347630419e-05,0.008310279521445628,Kontoryrke
1022805355.0,EV6,Rådyr,9660,5211,7008803,260602,3,1.632789469121853e-05,0.0024491842036827795,lågare risiko enn dei fleste yrke
1024046627.0,FV715,Rådyr,1520,4701,7099668,266182,5,0.00019170935267113243,0.028756402900669865,1-2x høgare risiko enn høyrisikoyrke
1022805904.0,EV6,Elg,8480,3885,7066900,307949,3,2.494833200441885e-05,0.0037422498006628273,Leiarar
1024046938.0,FV769,Rådyr,717,5811,7193028,336592,3,0.00019726878020240508,0.02959031703036076,1-2x høgare risiko enn høyrisikoyrke
1024046292.0,FV17,Rådyr,2310,6616,7126532,316415,3,5.378001435711263e-05,0.008067002153566894,Kontoryrke
1022805618.0,EV6,Rådyr,9000,2598,7091356,325275,4,4.68689766041786e-05,0.00703034649062679,Kontoryrke
1024046045.0,FV755,Rådyr,619,15466,7083514,299436,4,0.00011447178948777569,0.017170768423166352,"Renhaldarar, hjelpearbeidarar mv."
1024046622.0,FV720,Rådyr,937,10573,7072002,267276,3,8.296416893831664e-05,0.012444625340747495,Sals- og serviceyrke
1024045612.0,FV701,Rådyr,1540,6737,7001976,231416,3,7.922114627875698e-05,0.011883171941813547,Kontoryrke
1024045967.0,FV763,Rådyr,950,3693,7111658,340150,3,0.00023427474688077817,0.035141212032116724,1-2x høgare risiko enn høyrisikoyrke
1024045907.0,FV6928,Rådyr,273,24712,7159160,313489,3,0.00012183101093374845,0.018274651640062266,"Bønder, fiskarar mv."
1022805870.0,EV6,Rådyr,2500,7382,7164510,382672,6,8.907264245127912e-05,0.013360896367691869,Sals- og serviceyrke
1024046537.0,FV6854,Rådyr,500,4923,7064374,307273,3,0.00033390932692227426,0.05008639903834114,>2x høgare risiko enn høgrisikoyrke
1024045665.0,FV7088,Rådyr,1300,2790,7200990,322084,4,0.00030214789384033747,0.04532218407605062,>2x høgare risiko enn høgrisikoyrke
1024046347.0,FV7068,Rådyr,300,14781,7167867,321136,3,0.00018535457867514108,0.02780318680127116,1-2x høgare risiko enn høyrisikoyrke
1024046283.0,FV714,Hjort,2200,6262,7060219,204776,3,5.966129091919355e-05,0.008949193637879032,Kontoryrke
1024046349.0,FV714,Hjort,1940,6779,7038009,229055,3,6.249726704659311e-05,0.009374590056988968,Kontoryrke
1024046762.0,FV6370,Rådyr,300,7063,7062725,250639,3,0.00038789834735909105,0.05818475210386366,>2x høgare risiko enn høgrisikoyrke
1022805712.0,EV6,Elg,5000,8065,6982710,251380,3,2.0382338703513406e-05,0.003057350805527011,Leiarar
1024046937.0,FV708,Rådyr,1200,5986,7025812,261116,6,0.0002288444727194504,0.034326670907917564,1-2x høgare risiko enn høyrisikoyrke
1024045610.0,FV721,Rådyr,700,3084,7090188,240530,3,0.0003807290199273569,0.05710935298910354,>2x høgare risiko enn høgrisikoyrke
1022805713.0,EV6,Rådyr,8970,5703,7005103,259947,3,1.6066917942016437e-05,0.0024100376913024656,lågare risiko enn dei fleste yrke
1024045860.0,FV714,Rådyr,400,10604,7070343,202225,12,0.000775101667502054,0.1162652501253081,>5x høgare risiko enn høgrisikoyrke
1024047168.0,FV6450,Rådyr,200,9746,7071431,206098,4,0.0005622257392565689,0.08433386088848534,>2x høgare risiko enn høgrisikoyrke
1022805916.0,EV39,Hjort,1660,9285,7021642,189924,6,0.00010665184916975535,0.015997777375463304,"Renhaldarar, hjelpearbeidarar mv."
1024045834.0,FV714,Rådyr,2300,7883,7065807,201186,4,6.044324390730213e-05,0.009066486586095318,Kontoryrke
1024045735.0,FV715,Rådyr,1470,5062,7068312,264452,6,0.00022091179798234628,0.033136769697351943,1-2x høgare risiko enn høyrisikoyrke
1024045840.0,FV6442,Rådyr,160,15254,7063802,207119,4,0.00044901763920893867,0.0673526458813408,>2x høgare risiko enn høgrisikoyrke
1024537870.0,FV65,Rådyr,2000,4155,7003632,203329,3,9.890707680134513e-05,0.01483606152020177,"Renhaldarar, hjelpearbeidarar mv."
1024045572.0,FV17,Rådyr,3500,4267,7112662,325530,5,9.172473224404099e-05,0.013758709836606148,Sals- og serviceyrke
1022805917.0,EV6,Rådyr,2130,32999,6935306,221035,5,1.9489323174804276e-05,0.0029233984762206413,lågare risiko enn dei fleste yrke
1024046277.0,FV680,Hjort,1500,13301,7038293,200308,6,8.239158040439847e-05,0.01235873706065977,Sals- og serviceyrke
1024046252.0,FV770,Rådyr,700,10831,7197867,315945,5,0.0001806801922654062,0.02710202883981093,1-2x høgare risiko enn høyrisikoyrke
1022805621.0,EV6,Elg,4980,4610,6954002,231319,4,4.773499250620286e-05,0.007160248875930429,Kontoryrke
1024046449.0,FV17,Rådyr,3530,5707,7153988,342287,3,4.079865183302937e-05,0.006119797774954406,Høgskuleyrke
1024045678.0,FV6612,Rådyr,1110,3934,7025095,263904,3,0.00018822229127888953,0.02823334369183343,1-2x høgare risiko enn høyrisikoyrke
1024046277.0,FV680,Rådyr,1500,13301,7034444,201322,8,0.00010985544053919796,0.016478316080879695,"Renhaldarar, hjelpearbeidarar mv."
1022805534.0,EV6,Rådyr,10500,1958,7049726,294005,3,3.997849157153452e-05,0.005996773735730178,Høgskuleyrke
1024046884.0,FV6324,Rådyr,2540,6865,7101169,263855,3,4.713615269850939e-05,0.007070422904776409,Kontoryrke
1024046353.0,FV65,Rådyr,1200,13696,7008827,218075,3,5.0009601843553965e-05,0.007501440276533095,Kontoryrke
1024046418.0,FV6660,Rådyr,1680,1923,7037714,276831,3,0.0002544133076477658,0.038161996147164874,1-2x høgare risiko enn høyrisikoyrke
1024045832.0,FV705,Rådyr,4190,6387,7038165,297410,4,4.095021513937746e-05,0.006142532270906619,Høgskuleyrke
1024046293.0,FV715,Rådyr,478,42706,7131308,295727,3,4.026350682888268e-05,0.0060395260243324015,Høgskuleyrke
1022805880.0,EV6,Rådyr,55000,631,7036050,268925,3,2.3682979634611097e-05,0.0035524469451916644,Leiarar
1022805804.0,EV6,Rådyr,8600,2883,7058410,303563,4,4.4200179519029115e-05,0.006630026927854367,Høgskuleyrke
1024045911.0,FV6330,Rådyr,260,59863,7097203,270748,3,5.280761637914123e-05,0.007921142456871184,Kontoryrke
1024046298.0,FV17,Rådyr,1500,5669,7134611,316313,3,9.665641303218417e-05,0.014498461954827626,Sals- og serviceyrke
1022805506.0,EV6,Rådyr,2200,18573,7210944,417980,3,2.011516737931352e-05,0.003017275106897028,Leiarar
1024535183.0,FV680,Rådyr,300,14165,7047391,193129,3,0.00019341518019041725,0.02901227702856259,1-2x høgare risiko enn høyrisikoyrke
1024045565.0,FV759,Rådyr,950,5451,7098167,331024,3,0.00015871888465065378,0.023807832697598067,1-2x høgare risiko enn høyrisikoyrke
1022805640.0,EV6,Rådyr,7200,3258,7107876,328983,3,3.503844418095534e-05,0.005255766627143301,Høgskuleyrke
1022805551.0,EA6,Rådyr,8400,5216,7063637,306221,3,1.8759079394426903e-05,0.0028138619091640353,lågare risiko enn dei fleste yrke
