Vegobjekt_540_id,Art,årstid,lysforhold,"ÅDT, total_avg",Vegobjekt_540_lengde_avg,UTM_nord_int_avg,UTM33_øst_int_avg,antall_kollisjoner,frekvens,årsrisiko,samanlikning_yrke
1026879899.0,Rådyr,haust,natt,1260,13696,7008585,219546,2,0.00038102553785564924,0.05715383067834739,>2x høgare risiko enn høgrisikoyrke
1026880341.0,Rådyr,haust,dag,1800,4155,7003440,202827,2,0.0008791740160119568,0.1318761024017935,>5x høgare risiko enn høgrisikoyrke
1026879555.0,Rådyr,haust,natt,1060,2371,7004175,206157,3,0.003924390512175476,0.5886585768263215,>10x høgare risiko enn høgrisikoyrke
1026880738.0,Rådyr,haust,skumring,468,20095,6974058,226854,2,0.0006991727824620898,0.10487591736931347,>5x høgare risiko enn høgrisikoyrke
1026904986.0,Rådyr,haust,natt,4600,13248,6957729,236557,10,0.0005394860639959949,0.08092290959939923,>2x høgare risiko enn høgrisikoyrke
1026880487.0,Rådyr,haust,skumring,766,8393,6993440,234972,2,0.001022756820811049,0.15341352312165735,>5x høgare risiko enn høgrisikoyrke
1026904629.0,Elg,haust,natt,5200,8065,6983714,252058,2,0.00015678722079625696,0.023518083119438545,1-2x høgare risiko enn høyrisikoyrke
1026904986.0,Rådyr,haust,dag,4600,13248,6956594,235244,4,0.00021579442559839794,0.03236916383975969,1-2x høgare risiko enn høyrisikoyrke
1026904801.0,Rådyr,haust,skumring,2160,32999,6936488,220587,3,0.00013837419454111035,0.020756129181166552,1-2x høgare risiko enn høyrisikoyrke
1026904986.0,Rådyr,haust,skumring,4600,13248,6957538,236452,4,0.00021579442559839794,0.03236916383975969,1-2x høgare risiko enn høyrisikoyrke
1026904155.0,Rådyr,haust,natt,5060,4610,6954396,231707,5,0.0007047043360105443,0.10570565040158164,>5x høgare risiko enn høgrisikoyrke
1026904155.0,Elg,haust,skumring,5060,4610,6954116,231416,3,0.00042282260160632655,0.06342339024094898,>2x høgare risiko enn høgrisikoyrke
1026904986.0,Elg,haust,natt,4600,13248,6958873,238443,5,0.00026974303199799743,0.04046145479969961,1-2x høgare risiko enn høyrisikoyrke
1026904485.0,Rådyr,haust,natt,3680,8567,6948658,225210,7,0.0007299781083041406,0.10949671624562109,>5x høgare risiko enn høgrisikoyrke
1026904485.0,Rådyr,haust,skumring,3680,8567,6950160,226178,2,0.00020856517380118302,0.031284776070177454,1-2x høgare risiko enn høyrisikoyrke
1026904986.0,Elg,haust,skumring,4600,13248,6957480,236052,3,0.00016184581919879846,0.024276872879819767,1-2x høgare risiko enn høyrisikoyrke
1026903889.0,Hjort,haust,natt,2400,5880,6939545,220858,3,0.0006989097008666481,0.10483645512999722,>5x høgare risiko enn høgrisikoyrke
1026880656.0,Rådyr,haust,dag,471,42706,7132147,292021,3,0.0004903428347568388,0.07355142521352583,>2x høgare risiko enn høgrisikoyrke
1026880389.0,Hjort,haust,dag,1100,8826,7077918,189391,2,0.0006772698912050579,0.10159048368075868,>2x høgare risiko enn høgrisikoyrke
1026880059.0,Rådyr,haust,dag,1680,1923,7037714,276831,3,0.0030529596917731896,0.45794395376597846,>10x høgare risiko enn høgrisikoyrke
1026880794.0,Rådyr,haust,skumring,1600,5465,7035093,259701,5,0.0018799583902542956,0.28199375853814435,>10x høgare risiko enn høgrisikoyrke
1026879996.0,Rådyr,haust,skumring,1200,2610,7023779,271544,3,0.00314911037631869,0.47236655644780345,>10x høgare risiko enn høgrisikoyrke
1026879686.0,Rådyr,haust,skumring,2310,3619,7043889,259936,3,0.0011798018512959067,0.176970277694386,>5x høgare risiko enn høgrisikoyrke
1026880536.0,Rådyr,haust,dag,4160,6814,7044886,262434,2,0.00023196524356505218,0.03479478653475783,1-2x høgare risiko enn høyrisikoyrke
1026880794.0,Rådyr,haust,natt,1600,5465,7034976,259686,4,0.0015039667122034367,0.2255950068305155,>10x høgare risiko enn høgrisikoyrke
1026879248.0,Rådyr,haust,natt,2900,579,7039061,275238,2,0.0039159921778056245,0.5873988266708436,>10x høgare risiko enn høgrisikoyrke
1026880041.0,Rådyr,haust,natt,2800,6380,7033354,260120,4,0.0007361556723861873,0.1104233508579281,>5x høgare risiko enn høgrisikoyrke
1026880501.0,Elg,haust,natt,825,8942,7019426,269964,2,0.0008913120196489734,0.133696802947346,>5x høgare risiko enn høgrisikoyrke
1026880536.0,Rådyr,haust,natt,4160,6814,7044315,263690,2,0.00023196524356505218,0.03479478653475783,1-2x høgare risiko enn høyrisikoyrke
1026880432.0,Rådyr,haust,skumring,2470,6122,7037311,258457,2,0.0004348386099217017,0.06522579148825525,>2x høgare risiko enn høgrisikoyrke
1026880899.0,Rådyr,haust,natt,3100,1007,7036065,271934,2,0.002106333877615858,0.31595008164237876,>10x høgare risiko enn høgrisikoyrke
1026880159.0,Rådyr,haust,natt,5080,2228,7043256,268000,2,0.0005809509663828851,0.08714264495743276,>2x høgare risiko enn høgrisikoyrke
1026904861.0,Rådyr,haust,natt,2900,192,7039278,272452,2,0.011809163911195087,1.7713745866792632,>10x høgare risiko enn høgrisikoyrke
1015073639.0,Rådyr,haust,natt,2000,1404,7038704,277066,2,0.002341646177262616,0.3512469265893924,>10x høgare risiko enn høgrisikoyrke
1026880161.0,Rådyr,haust,skumring,612,24096,6946300,323550,3,0.0006688261726127989,0.10032392589191984,>2x høgare risiko enn høgrisikoyrke
1026880161.0,Elg,haust,dag,612,24096,6945170,331240,2,0.0004458841150751992,0.06688261726127988,>2x høgare risiko enn høgrisikoyrke
1026879341.0,Rådyr,haust,natt,2650,7392,6939413,310095,3,0.0005035027004528168,0.07552540506792252,>2x høgare risiko enn høgrisikoyrke
1026880161.0,Elg,haust,natt,612,24096,6945190,324651,2,0.0004458841150751992,0.06688261726127988,>2x høgare risiko enn høgrisikoyrke
1026880135.0,Rådyr,haust,natt,227,9088,6953005,337829,3,0.00478096385931302,0.717144578896953,>10x høgare risiko enn høgrisikoyrke
1026880054.0,Rådyr,haust,natt,2150,5468,6945554,313220,2,0.0005593084896270415,0.08389627344405623,>2x høgare risiko enn høgrisikoyrke
1026880161.0,Rådyr,haust,dag,612,24096,6945458,319682,3,0.0006688261726127989,0.10032392589191984,>2x høgare risiko enn høgrisikoyrke
1026880081.0,Rådyr,haust,dag,1310,17920,6962796,314392,2,0.0002800973992022826,0.04201460988034239,>2x høgare risiko enn høgrisikoyrke
1026880839.0,Elg,haust,natt,205,14436,6987450,261768,2,0.002221864872288596,0.3332797308432894,>10x høgare risiko enn høgrisikoyrke
1026879613.0,Hjort,haust,natt,2310,10163,6995974,265150,3,0.00042012229655022,0.063018344482533,>2x høgare risiko enn høgrisikoyrke
1026880733.0,Rådyr,haust,natt,359,13203,6987046,264297,2,0.0013872390498220575,0.20808585747330863,>10x høgare risiko enn høgrisikoyrke
1026880094.0,Rådyr,haust,skumring,1320,30274,6986438,292231,4,0.0003290823842117461,0.049362357631761916,>2x høgare risiko enn høgrisikoyrke
1026880094.0,Rådyr,haust,dag,1320,30274,6985681,299136,3,0.0002468117881588096,0.03702176822382144,1-2x høgare risiko enn høyrisikoyrke
1026880094.0,Elg,haust,natt,1320,30274,6988045,295236,3,0.0002468117881588096,0.03702176822382144,1-2x høgare risiko enn høyrisikoyrke
1026880383.0,Rådyr,haust,dag,435,9478,7155354,304365,3,0.0023922340904721003,0.35883511357081505,>10x høgare risiko enn høgrisikoyrke
1026880383.0,Rådyr,haust,skumring,435,9478,7155270,304343,4,0.0031896454539628006,0.4784468180944201,>10x høgare risiko enn høgrisikoyrke
1026880673.0,Rådyr,haust,dag,349,14238,7154906,297534,2,0.0013232562736696432,0.1984884410504465,>5x høgare risiko enn høgrisikoyrke
1026880673.0,Rådyr,haust,skumring,349,14238,7157941,297736,4,0.0026465125473392865,0.396976882100893,>10x høgare risiko enn høgrisikoyrke
1026880673.0,Rådyr,haust,natt,349,14238,7158766,298758,5,0.003308140684174108,0.49622110262611624,>10x høgare risiko enn høgrisikoyrke
1026880383.0,Rådyr,haust,natt,435,9478,7156548,303484,6,0.004784468180944201,0.7176702271416301,>10x høgare risiko enn høgrisikoyrke
1026880273.0,Rådyr,haust,skumring,2960,2858,7154056,349134,3,0.0011658849623898465,0.17488274435847698,>5x høgare risiko enn høgrisikoyrke
1026879812.0,Rådyr,haust,natt,716,26246,7151870,341817,2,0.00034989862066523065,0.0524847930997846,>2x høgare risiko enn høgrisikoyrke
1026880022.0,Elg,haust,natt,1400,10982,7158806,360520,2,0.0004276701138065812,0.06415051707098718,>2x høgare risiko enn høgrisikoyrke
1026879981.0,Rådyr,haust,skumring,1300,11864,7153956,359951,2,0.0004263280295757965,0.06394920443636948,>2x høgare risiko enn høgrisikoyrke
1026879981.0,Elg,haust,natt,1300,11864,7152600,359156,3,0.0006394920443636948,0.09592380665455422,>2x høgare risiko enn høgrisikoyrke
1026879812.0,Rådyr,haust,skumring,716,26246,7152572,344058,2,0.00034989862066523065,0.0524847930997846,>2x høgare risiko enn høgrisikoyrke
1026880417.0,Rådyr,haust,natt,1200,8640,7165446,368614,2,0.0006341958396752917,0.09512937595129375,>2x høgare risiko enn høgrisikoyrke
1026880379.0,Elg,haust,natt,835,20271,7197596,378465,3,0.0005827039836934175,0.08740559755401262,>2x høgare risiko enn høgrisikoyrke
1026880582.0,Elg,haust,skumring,1300,7624,7173607,372522,2,0.0006634254647018953,0.09951381970528429,>2x høgare risiko enn høgrisikoyrke
1026880277.0,Rådyr,haust,natt,1000,22933,7195981,378054,3,0.00043007952289844924,0.06451192843476738,>2x høgare risiko enn høgrisikoyrke
1026880379.0,Elg,haust,skumring,835,20271,7203120,372230,2,0.0003884693224622783,0.058270398369341746,>2x høgare risiko enn høgrisikoyrke
1026904800.0,Rådyr,haust,skumring,2350,7382,7164765,382821,5,0.0009475813026731822,0.14213719540097733,>5x høgare risiko enn høgrisikoyrke
1026903906.0,Rådyr,haust,skumring,2300,8321,7147752,370789,3,0.0005153547440802024,0.07730321161203035,>2x høgare risiko enn høgrisikoyrke
1026904394.0,Elg,haust,skumring,1800,11103,7171267,387440,2,0.00032900729861566066,0.0493510947923491,>2x høgare risiko enn høgrisikoyrke
1026880336.0,Rådyr,haust,skumring,1900,4334,7151921,369327,2,0.0007985017445599574,0.1197752616839936,>5x høgare risiko enn høgrisikoyrke
1026904036.0,Rådyr,haust,skumring,2200,4098,7159600,377252,2,0.0007293294362830454,0.10939941544245681,>5x høgare risiko enn høgrisikoyrke
1026904300.0,Elg,haust,skumring,2410,12050,7140002,371258,2,0.00022641974021636764,0.03396296103245515,1-2x høgare risiko enn høyrisikoyrke
1026904800.0,Elg,haust,natt,2350,7382,7163360,382048,2,0.00037903252106927287,0.05685487816039093,>2x høgare risiko enn høgrisikoyrke
1026904800.0,Elg,haust,skumring,2350,7382,7166060,383508,2,0.00037903252106927287,0.05685487816039093,>2x høgare risiko enn høgrisikoyrke
1026904300.0,Elg,haust,natt,2410,12050,7139976,371508,4,0.0004528394804327353,0.0679259220649103,>2x høgare risiko enn høgrisikoyrke
1026903906.0,Elg,haust,natt,2300,8321,7147839,370537,3,0.0005153547440802024,0.07730321161203035,>2x høgare risiko enn høgrisikoyrke
1026880336.0,Elg,haust,natt,1900,4334,7151895,369390,2,0.0007985017445599574,0.1197752616839936,>5x høgare risiko enn høgrisikoyrke
1026903931.0,Rådyr,haust,natt,2800,8844,7156746,373660,3,0.00039829318095521325,0.05974397714328199,>2x høgare risiko enn høgrisikoyrke
1026880167.0,Elg,haust,natt,423,55635,7151557,414760,3,0.0004191033927284042,0.06286550890926063,>2x høgare risiko enn høgrisikoyrke
1026903982.0,Rådyr,haust,natt,2400,7592,7179766,396142,2,0.00036087013005759485,0.05413051950863923,>2x høgare risiko enn høgrisikoyrke
1026904133.0,Rådyr,haust,dag,2200,18573,7209654,417559,2,0.00016092133903450816,0.024138200855176224,1-2x høgare risiko enn høyrisikoyrke
1026904133.0,Elg,haust,skumring,2200,18573,7206244,415521,2,0.00016092133903450816,0.024138200855176224,1-2x høgare risiko enn høyrisikoyrke
1026904159.0,Elg,haust,skumring,1820,15736,7190419,403768,2,0.00022958982782370042,0.03443847417355506,1-2x høgare risiko enn høyrisikoyrke
1026880167.0,Elg,haust,skumring,423,55635,7151982,420849,2,0.00027940226181893615,0.04191033927284042,>2x høgare risiko enn høgrisikoyrke
1026879830.0,Rådyr,haust,natt,650,7496,7124090,368857,2,0.0013495079356689566,0.20242619035034348,>5x høgare risiko enn høgrisikoyrke
1026879808.0,Rådyr,haust,skumring,280,5976,7127949,376566,2,0.003929612775957057,0.5894419163935586,>10x høgare risiko enn høgrisikoyrke
1026880127.0,Rådyr,haust,natt,600,30115,7116637,349745,7,0.0012736564630105144,0.19104846945157716,>5x høgare risiko enn høgrisikoyrke
1026880127.0,Elg,haust,natt,600,30115,7121049,362036,2,0.0003639018465744327,0.05458527698616491,>2x høgare risiko enn høgrisikoyrke
1026905195.0,Rådyr,haust,skumring,11000,4249,7083414,324330,2,0.0001406821383802269,0.021102320757034033,1-2x høgare risiko enn høyrisikoyrke
1026880478.0,Rådyr,haust,natt,2300,1803,7077819,331129,3,0.0023784064478598803,0.35676096717898204,>10x høgare risiko enn høgrisikoyrke
1026880650.0,Rådyr,haust,natt,600,12402,7088484,333965,2,0.000883640066891553,0.13254601003373295,>5x høgare risiko enn høgrisikoyrke
1026905098.0,Rådyr,haust,skumring,10500,2046,7072824,318410,3,0.00045910783869246085,0.06886617580386913,>2x høgare risiko enn høgrisikoyrke
1026904912.0,Rådyr,haust,dag,9600,7748,7056562,301680,2,8.840107212820277e-05,0.013260160819230414,Sals- og serviceyrke
1026904341.0,Rådyr,haust,dag,8600,2883,7058675,303809,3,0.00039780161567126205,0.05967024235068931,>2x høgare risiko enn høgrisikoyrke
1026880497.0,Rådyr,haust,dag,1700,8092,7059814,298692,2,0.00047798424484264956,0.07169763672639744,>2x høgare risiko enn høgrisikoyrke
1026879990.0,Rådyr,haust,skumring,600,6225,7079766,306646,2,0.0017604665236287617,0.26406997854431424,>10x høgare risiko enn høgrisikoyrke
1026904627.0,Rådyr,haust,dag,8560,3885,7067673,308870,2,0.00019772136018455312,0.029658204027682968,1-2x høgare risiko enn høyrisikoyrke
1026880388.0,Rådyr,haust,natt,600,7275,7077892,307372,6,0.00451913571529445,0.6778703572941676,>10x høgare risiko enn høgrisikoyrke
1026904341.0,Rådyr,haust,skumring,8600,2883,7058168,303247,2,0.0002652010771141747,0.03978016156712621,1-2x høgare risiko enn høyrisikoyrke
1026904627.0,Elg,haust,skumring,8560,3885,7066900,307949,3,0.00029658204027682966,0.04448730604152445,>2x høgare risiko enn høgrisikoyrke
1026880562.0,Rådyr,haust,natt,450,3903,7072406,326520,2,0.003743754072794958,0.5615631109192437,>10x høgare risiko enn høgrisikoyrke
1026879422.0,Rådyr,haust,natt,180,4923,7064552,307312,2,0.007420207264939428,1.1130310897409141,>10x høgare risiko enn høgrisikoyrke
1026904397.0,Rådyr,haust,skumring,12000,1736,7070714,312304,3,0.00047345495865160027,0.07101824379774004,>2x høgare risiko enn høgrisikoyrke
1026879766.0,Rådyr,haust,natt,2000,2529,7059208,302958,2,0.0012999886250995305,0.19499829376492958,>5x høgare risiko enn høgrisikoyrke
1026904912.0,Elg,haust,skumring,9600,7748,7056724,301864,2,8.840107212820277e-05,0.013260160819230414,Sals- og serviceyrke
1026880186.0,Rådyr,haust,natt,650,1939,7058140,297988,2,0.00521707657853249,0.7825614867798736,>10x høgare risiko enn høgrisikoyrke
1026904627.0,Rådyr,haust,natt,8560,3885,7067288,308359,5,0.0004943034004613828,0.07414551006920742,>2x høgare risiko enn høgrisikoyrke
1026879863.0,Rådyr,haust,natt,1800,1090,7058815,300614,2,0.003351346822504294,0.5027020233756441,>10x høgare risiko enn høgrisikoyrke
1026904627.0,Rådyr,haust,skumring,8560,3885,7067275,308288,3,0.00029658204027682966,0.04448730604152445,>2x høgare risiko enn høgrisikoyrke
1026879990.0,Rådyr,haust,natt,600,6225,7078293,305844,3,0.0026406997854431426,0.3961049678164714,>10x høgare risiko enn høgrisikoyrke
1026880881.0,Rådyr,haust,natt,1900,4606,7072925,314540,2,0.0007513474947726563,0.11270212421589845,>5x høgare risiko enn høgrisikoyrke
1026880424.0,Rådyr,haust,skumring,300,2354,7061914,293126,2,0.009310878597781683,1.3966317896672524,>10x høgare risiko enn høgrisikoyrke
1026880497.0,Rådyr,haust,natt,1700,8092,7059849,295986,4,0.0009559684896852991,0.14339527345279487,>5x høgare risiko enn høgrisikoyrke
1026880326.0,Rådyr,haust,skumring,4230,6387,7037354,297736,2,0.0002433778743744561,0.03650668115616842,1-2x høgare risiko enn høyrisikoyrke
1026879156.0,Elg,haust,skumring,760,6829,7046291,304305,2,0.0012669155663065073,0.1900373349459761,>5x høgare risiko enn høgrisikoyrke
1026903848.0,Rådyr,haust,dag,11500,999,7048057,294172,2,0.000572341251316832,0.0858511876975248,>2x høgare risiko enn høgrisikoyrke
1026904605.0,Rådyr,haust,natt,10500,1958,7049524,294046,2,0.00031982793257227614,0.04797418988584142,>2x høgare risiko enn høgrisikoyrke
1026901780.0,Hjort,haust,natt,3400,5232,7040770,311530,4,0.0007392676814347707,0.11089015221521561,>5x høgare risiko enn høgrisikoyrke
1026901776.0,Rådyr,haust,natt,7000,4799,7043495,299767,7,0.0006850742306473666,0.10276113459710498,>2x høgare risiko enn høgrisikoyrke
1026879540.0,Rådyr,haust,natt,1100,5060,7046780,294270,2,0.0011813407232758577,0.17720110849137866,>5x høgare risiko enn høgrisikoyrke
1026901784.0,Rådyr,haust,natt,3000,6052,7041512,314294,2,0.0003621581001186068,0.05432371501779101,>2x høgare risiko enn høgrisikoyrke
1026901776.0,Rådyr,haust,skumring,7000,4799,7043574,299959,3,0.0002936032417060143,0.04404048625590214,>2x høgare risiko enn høgrisikoyrke
1026880062.0,Elg,haust,natt,3400,4965,7035643,301572,2,0.000389511430943275,0.05842671464149125,>2x høgare risiko enn høgrisikoyrke
1026901780.0,Rådyr,haust,natt,3400,5232,7040669,311818,3,0.0005544507610760781,0.08316761416141172,>2x høgare risiko enn høgrisikoyrke
1026880719.0,Rådyr,haust,natt,951,6833,7041920,304174,2,0.0010118740062804363,0.15178110094206546,>5x høgare risiko enn høgrisikoyrke
1026880434.0,Elg,haust,natt,700,8893,7048232,300834,2,0.0010562629460978015,0.15843944191467024,>5x høgare risiko enn høgrisikoyrke
1026879275.0,Rådyr,haust,natt,437,6938,7039037,298142,3,0.003253073709617032,0.4879610564425548,>10x høgare risiko enn høgrisikoyrke
1026901782.0,Rådyr,haust,natt,3990,2856,7043228,308466,2,0.0005770152329136413,0.0865522849370462,>2x høgare risiko enn høgrisikoyrke
1026901786.0,Rådyr,haust,natt,5480,4150,7043413,303748,2,0.0002891277137346506,0.043369157060197595,>2x høgare risiko enn høgrisikoyrke
1026880719.0,Rådyr,haust,skumring,951,6833,7041882,303507,2,0.0010118740062804363,0.15178110094206546,>5x høgare risiko enn høgrisikoyrke
1026880719.0,Rådyr,haust,dag,951,6833,7041903,302567,2,0.0010118740062804363,0.15178110094206546,>5x høgare risiko enn høgrisikoyrke
1026901773.0,Elg,haust,natt,1800,15372,7031881,343937,4,0.0004752755707168463,0.07129133560752694,>2x høgare risiko enn høgrisikoyrke
1026901783.0,Rådyr,haust,natt,3000,5913,7038890,334414,2,0.00037067154099743076,0.05560073114961461,>2x høgare risiko enn høgrisikoyrke
1026880481.0,Rådyr,haust,skumring,2500,4075,7021714,303456,2,0.0006454323892764098,0.09681485839146146,>2x høgare risiko enn høgrisikoyrke
1026880717.0,Rådyr,haust,natt,507,5116,7020547,297715,3,0.0038025167971426368,0.5703775195713955,>10x høgare risiko enn høgrisikoyrke
1026879410.0,Rådyr,haust,skumring,640,3192,7016490,299084,2,0.0032186630960964052,0.48279946441446076,>10x høgare risiko enn høgrisikoyrke
1026880305.0,Hjort,haust,natt,600,16632,7008424,309872,2,0.0006589047684938096,0.09883571527407144,>2x høgare risiko enn høgrisikoyrke
1026880479.0,Elg,haust,natt,314,18388,7028934,290261,2,0.0011388177670831822,0.17082266506247734,>5x høgare risiko enn høgrisikoyrke
1026879262.0,Rådyr,haust,natt,500,4230,7025019,249467,3,0.004663363450888954,0.6995045176333431,>10x høgare risiko enn høgrisikoyrke
1026904740.0,Rådyr,haust,skumring,16500,947,7027357,263612,2,0.0004208084519377572,0.06312126779066357,>2x høgare risiko enn høgrisikoyrke
1026904161.0,Rådyr,haust,skumring,9800,5211,7008808,260599,3,0.00019313566863327062,0.028970350294990593,1-2x høgare risiko enn høyrisikoyrke
1026879283.0,Rådyr,haust,skumring,2410,5986,7025804,261227,4,0.0009115796423679352,0.1367369463551903,>5x høgare risiko enn høgrisikoyrke
1026880820.0,Rådyr,haust,natt,1590,3934,7025024,263934,2,0.0010512037399726662,0.15768056099589992,>5x høgare risiko enn høgrisikoyrke
1026880820.0,Rådyr,haust,skumring,1590,3934,7024926,264003,2,0.0010512037399726662,0.15768056099589992,>5x høgare risiko enn høgrisikoyrke
1026905225.0,Rådyr,haust,skumring,11000,5601,7014692,264218,2,0.00010672351472551045,0.01600852720882657,"Renhaldarar, hjelpearbeidarar mv."
1026879283.0,Elg,haust,natt,2410,5986,7024001,259387,3,0.0006836847317759514,0.1025527097663927,>2x høgare risiko enn høgrisikoyrke
1026879283.0,Rådyr,haust,natt,2410,5986,7025839,261320,2,0.0004557898211839676,0.06836847317759515,>2x høgare risiko enn høgrisikoyrke
1026905225.0,Rådyr,haust,natt,11000,5601,7013366,263635,2,0.00010672351472551045,0.01600852720882657,"Renhaldarar, hjelpearbeidarar mv."
1026880043.0,Elg,haust,natt,174,14940,7015010,259450,2,0.002529405924753968,0.3794108887130952,>10x høgare risiko enn høgrisikoyrke
1026904740.0,Rådyr,haust,natt,16500,947,7027656,263838,2,0.0004208084519377572,0.06312126779066357,>2x høgare risiko enn høgrisikoyrke
1026880645.0,Elg,haust,natt,1380,12039,6976498,307527,3,0.000593663209221608,0.0890494813832412,>2x høgare risiko enn høgrisikoyrke
1026879307.0,Rådyr,haust,skumring,2000,5019,7091780,318714,2,0.0006550450752892433,0.0982567612933865,>2x høgare risiko enn høgrisikoyrke
1026880297.0,Rådyr,haust,dag,1900,2804,7095664,319879,2,0.0012342034810709185,0.18513052216063777,>5x høgare risiko enn høgrisikoyrke
1026880405.0,Rådyr,haust,skumring,600,6554,7096127,316237,3,0.002508141007687452,0.37622115115311777,>10x høgare risiko enn høgrisikoyrke
1026880246.0,Elg,haust,dag,634,15466,7082410,294814,2,0.0006705807983558342,0.10058711975337513,>2x høgare risiko enn høgrisikoyrke
1026879265.0,Rådyr,haust,natt,280,8967,7092639,316467,3,0.003928298084496382,0.5892447126744573,>10x høgare risiko enn høgrisikoyrke
1026879387.0,Rådyr,haust,natt,160,3427,7088539,310645,2,0.011991797610434464,1.7987696415651695,>10x høgare risiko enn høgrisikoyrke
1026880246.0,Elg,haust,natt,634,15466,7082502,296757,3,0.0010058711975337513,0.1508806796300627,>5x høgare risiko enn høgrisikoyrke
1026880297.0,Rådyr,haust,natt,1900,2804,7094962,319433,2,0.0012342034810709185,0.18513052216063777,>5x høgare risiko enn høgrisikoyrke
1026879909.0,Elg,haust,natt,1600,6830,7086556,309529,3,0.0009025451774002688,0.1353817766100403,>5x høgare risiko enn høgrisikoyrke
1026880246.0,Rådyr,haust,natt,634,15466,7083015,296565,2,0.0006705807983558342,0.10058711975337513,>2x høgare risiko enn høgrisikoyrke
1026880246.0,Rådyr,haust,skumring,634,15466,7082825,297390,4,0.0013411615967116684,0.20117423950675026,>5x høgare risiko enn høgrisikoyrke
1026879712.0,Rådyr,haust,skumring,500,6566,7084384,322338,2,0.002002845709946215,0.3004268564919323,>10x høgare risiko enn høgrisikoyrke
1026880003.0,Rådyr,haust,skumring,4090,1504,7088394,316814,2,0.0010689249963834705,0.16033874945752058,>5x høgare risiko enn høgrisikoyrke
1026879823.0,Rådyr,haust,natt,600,3892,7084490,305980,3,0.004223626969266075,0.6335440453899113,>10x høgare risiko enn høgrisikoyrke
1026879362.0,Rådyr,haust,natt,280,8196,7089373,304903,3,0.004297834178096518,0.6446751267144777,>10x høgare risiko enn høgrisikoyrke
1026879179.0,Elg,haust,natt,3010,2071,7097829,321591,2,0.001054804035759351,0.15822060536390267,>5x høgare risiko enn høgrisikoyrke
1026880405.0,Rådyr,haust,natt,600,6554,7098377,318302,2,0.0016720940051249682,0.2508141007687452,>10x høgare risiko enn høgrisikoyrke
1026879179.0,Rådyr,haust,natt,3010,2071,7097748,321473,2,0.001054804035759351,0.15822060536390267,>5x høgare risiko enn høgrisikoyrke
1026879307.0,Rådyr,haust,natt,2000,5019,7091608,318760,2,0.0006550450752892433,0.0982567612933865,>2x høgare risiko enn høgrisikoyrke
1026880346.0,Rådyr,haust,dag,1500,4662,7052922,247939,3,0.0014104123693164789,0.21156185539747183,>10x høgare risiko enn høgrisikoyrke
1026880242.0,Rådyr,haust,skumring,750,28148,7058613,270697,11,0.0017130587637555698,0.25695881456333547,>10x høgare risiko enn høgrisikoyrke
1026880037.0,Rådyr,haust,skumring,1580,4049,7055958,248142,4,0.0020556231936478845,0.3083434790471827,>10x høgare risiko enn høgrisikoyrke
1026880445.0,Rådyr,haust,skumring,1470,5062,7068754,264209,7,0.003092765171752848,0.4639147757629272,>10x høgare risiko enn høgrisikoyrke
1026880200.0,Rådyr,haust,skumring,836,9080,7065022,244238,2,0.0008662160995501739,0.12993241493252608,>5x høgare risiko enn høgrisikoyrke
1026880853.0,Rådyr,haust,skumring,1580,13505,7071758,264418,3,0.00046222982105221865,0.0693344731578328,>2x høgare risiko enn høgrisikoyrke
1026880853.0,Rådyr,haust,dag,1580,13505,7074723,265066,2,0.00030815321403481247,0.04622298210522187,>2x høgare risiko enn høgrisikoyrke
1026879746.0,Rådyr,haust,skumring,300,7063,7062416,249872,2,0.0031031867788727284,0.4654780168309093,>10x høgare risiko enn høgrisikoyrke
1026880216.0,Rådyr,haust,dag,1600,11321,7060778,262616,2,0.0003630058335037444,0.05445087502556166,>2x høgare risiko enn høgrisikoyrke
1026879984.0,Rådyr,haust,skumring,559,13700,7076840,273854,2,0.0008585903484785689,0.12878855227178534,>5x høgare risiko enn høgrisikoyrke
1026879396.0,Rådyr,haust,skumring,355,18427,7072954,248586,2,0.0010051604413538041,0.15077406620307063,>5x høgare risiko enn høgrisikoyrke
1026880200.0,Rådyr,haust,dag,836,9080,7062692,245570,2,0.0008662160995501739,0.12993241493252608,>5x høgare risiko enn høgrisikoyrke
1026880106.0,Rådyr,haust,dag,1330,6690,7051734,253332,2,0.0007389935000902957,0.11084902501354436,>5x høgare risiko enn høgrisikoyrke
1026880106.0,Rådyr,haust,skumring,1330,6690,7051593,253632,3,0.0011084902501354436,0.16627353752031654,>5x høgare risiko enn høgrisikoyrke
1026880445.0,Elg,haust,natt,1470,5062,7067503,265091,3,0.0013254707878940777,0.19882061818411165,>5x høgare risiko enn høgrisikoyrke
1026879822.0,Rådyr,haust,natt,2200,6340,7054584,260916,4,0.0009428366024883029,0.14142549037324545,>5x høgare risiko enn høgrisikoyrke
1026880652.0,Rådyr,haust,natt,1000,2156,7061472,253066,2,0.003049787785599919,0.45746816783998784,>10x høgare risiko enn høgrisikoyrke
1026880346.0,Rådyr,haust,skumring,1500,4662,7051232,249188,2,0.0009402749128776527,0.14104123693164788,>5x høgare risiko enn høgrisikoyrke
1026880346.0,Rådyr,haust,natt,1500,4662,7052077,248723,6,0.0028208247386329577,0.42312371079494365,>10x høgare risiko enn høgrisikoyrke
1026880338.0,Rådyr,haust,natt,778,3205,7069094,262649,2,0.0026370037440508784,0.39555056160763175,>10x høgare risiko enn høgrisikoyrke
1026880200.0,Rådyr,haust,natt,836,9080,7061970,245277,8,0.0034648643982006957,0.5197296597301043,>10x høgare risiko enn høgrisikoyrke
1026880853.0,Elg,haust,skumring,1580,13505,7074755,265045,2,0.00030815321403481247,0.04622298210522187,>2x høgare risiko enn høgrisikoyrke
1026880853.0,Rådyr,haust,natt,1580,13505,7076279,264942,4,0.0006163064280696249,0.09244596421044374,>2x høgare risiko enn høgrisikoyrke
1026880216.0,Rådyr,haust,natt,1600,11321,7059056,261062,2,0.0003630058335037444,0.05445087502556166,>2x høgare risiko enn høgrisikoyrke
1026879822.0,Rådyr,haust,skumring,2200,6340,7053765,260258,2,0.00047141830124415146,0.07071274518662272,>2x høgare risiko enn høgrisikoyrke
1026880216.0,Rådyr,haust,skumring,1600,11321,7063150,263550,2,0.0003630058335037444,0.05445087502556166,>2x høgare risiko enn høgrisikoyrke
1026879794.0,Elg,haust,skumring,848,3856,7067138,259262,2,0.0020108769675760835,0.30163154513641255,>10x høgare risiko enn høgrisikoyrke
1026879587.0,Rådyr,haust,natt,300,6589,7058610,250643,5,0.008316060183327546,1.2474090274991319,>10x høgare risiko enn høgrisikoyrke
1026880853.0,Elg,haust,natt,1580,13505,7075890,264941,2,0.00030815321403481247,0.04622298210522187,>2x høgare risiko enn høgrisikoyrke
1026880160.0,Rådyr,haust,natt,1100,920,7068786,283984,2,0.006497373978017218,0.9746060967025827,>10x høgare risiko enn høgrisikoyrke
1026880242.0,Rådyr,haust,natt,750,28148,7060190,274295,14,0.0021802566084161796,0.32703849126242696,>10x høgare risiko enn høgrisikoyrke
1026880037.0,Rådyr,haust,natt,1580,4049,7056341,248297,5,0.0025695289920598554,0.38542934880897833,>10x høgare risiko enn høgrisikoyrke
1026880162.0,Rådyr,haust,natt,950,3323,7065890,256434,2,0.0020828808672421636,0.31243213008632453,>10x høgare risiko enn høgrisikoyrke
1026880103.0,Rådyr,haust,natt,1180,3332,7062882,252986,3,0.0025085492752940507,0.3762823912941076,>10x høgare risiko enn høgrisikoyrke
1026880106.0,Rådyr,haust,natt,1330,6690,7050545,256996,2,0.0007389935000902957,0.11084902501354436,>5x høgare risiko enn høgrisikoyrke
1026879269.0,Rådyr,haust,natt,2190,2792,7061334,251332,2,0.0010753723073349533,0.16130584610024298,>5x høgare risiko enn høgrisikoyrke
1026879539.0,Rådyr,haust,natt,280,3715,7078694,258494,2,0.00632122905763644,0.948184358645466,>10x høgare risiko enn høgrisikoyrke
1026879396.0,Rådyr,haust,natt,355,18427,7074821,252976,3,0.0015077406620307061,0.22616109930460593,>10x høgare risiko enn høgrisikoyrke
1026879984.0,Rådyr,haust,natt,559,13700,7079525,277796,2,0.0008585903484785689,0.12878855227178534,>5x høgare risiko enn høgrisikoyrke
1026880445.0,Rådyr,haust,natt,1470,5062,7068290,264722,2,0.0008836471919293851,0.13254707878940777,>5x høgare risiko enn høgrisikoyrke
1026879590.0,Rådyr,haust,natt,300,2867,7060735,254820,3,0.011467287174317099,1.7200930761475648,>10x høgare risiko enn høgrisikoyrke
1026880758.0,Rådyr,haust,dag,1000,10607,7105424,323621,3,0.0009298589326510924,0.13947883989766385,>5x høgare risiko enn høgrisikoyrke
1026880788.0,Rådyr,haust,dag,3110,4570,7105269,329953,2,0.00046263851806858827,0.06939577771028824,>2x høgare risiko enn høgrisikoyrke
1026880127.0,Rådyr,haust,skumring,600,30115,7116750,348966,4,0.0007278036931488654,0.10917055397232982,>5x høgare risiko enn høgrisikoyrke
1026905060.0,Rådyr,haust,skumring,8200,2598,7091630,325220,2,0.0003086493581250786,0.046297403718761794,>2x høgare risiko enn høgrisikoyrke
1026904552.0,Rådyr,haust,skumring,7600,3258,7107950,329096,2,0.00026555452431881947,0.03983317864782292,1-2x høgare risiko enn høyrisikoyrke
1026879856.0,Rådyr,haust,dag,950,5451,7097994,331469,2,0.0012697510772052302,0.19046266158078454,>5x høgare risiko enn høgrisikoyrke
1026880546.0,Rådyr,haust,skumring,735,13592,7105238,314859,7,0.0023036458651284454,0.3455468797692668,>10x høgare risiko enn høgrisikoyrke
1026880310.0,Rådyr,haust,skumring,3600,4267,7112614,325664,4,0.0008560975009443825,0.12841462514165738,>5x høgare risiko enn høgrisikoyrke
1026880217.0,Rådyr,haust,dag,450,4214,7107760,319699,2,0.0034674589810438352,0.5201188471565753,>10x høgare risiko enn høgrisikoyrke
1026904647.0,Rådyr,haust,dag,2460,31163,7122309,352266,3,0.0001286575477985037,0.019298632169775554,"Bønder, fiskarar mv."
1026879591.0,Elg,haust,skumring,3900,3671,7110523,328330,5,0.001148178457933181,0.17222676868997716,>5x høgare risiko enn høgrisikoyrke
1026879177.0,Rådyr,haust,natt,240,5291,7095706,330252,4,0.010356174739736384,1.5534262109604577,>10x høgare risiko enn høgrisikoyrke
1026904552.0,Elg,haust,natt,7600,3258,7107864,329033,2,0.00026555452431881947,0.03983317864782292,1-2x høgare risiko enn høyrisikoyrke
1026905060.0,Rådyr,haust,natt,8200,2598,7091498,325311,3,0.0004629740371876179,0.06944610557814268,>2x høgare risiko enn høgrisikoyrke
1026880371.0,Rådyr,haust,natt,2900,2723,7112657,322450,3,0.001249004482711783,0.18735067240676745,>5x høgare risiko enn høgrisikoyrke
1026880060.0,Rådyr,haust,skumring,1200,6085,7109085,337581,6,0.0027014554091016533,0.405218311365248,>10x høgare risiko enn høgrisikoyrke
1026880895.0,Rådyr,haust,skumring,500,4474,7100182,327069,2,0.0029393573829921433,0.4409036074488215,>10x høgare risiko enn høgrisikoyrke
1026880775.0,Rådyr,haust,skumring,300,10705,7105998,339958,2,0.0020474365454626886,0.3071154818194033,>10x høgare risiko enn høgrisikoyrke
1026880788.0,Rådyr,haust,skumring,3110,4570,7105300,330048,2,0.00046263851806858827,0.06939577771028824,>2x høgare risiko enn høgrisikoyrke
1026904647.0,Elg,haust,natt,2460,31163,7119314,345811,4,0.0001715433970646716,0.02573150955970074,1-2x høgare risiko enn høyrisikoyrke
1026904647.0,Rådyr,haust,skumring,2460,31163,7122262,352202,2,8.57716985323358e-05,0.01286575477985037,Sals- og serviceyrke
1026880758.0,Rådyr,haust,natt,1000,10607,7104856,325686,7,0.002169670842852549,0.3254506264278823,>10x høgare risiko enn høgrisikoyrke
1026879851.0,Elg,haust,natt,1100,4553,7103812,334212,2,0.0013128890972492512,0.1969333645873877,>5x høgare risiko enn høgrisikoyrke
1026880253.0,Rådyr,haust,natt,968,3693,7111122,339742,2,0.0018393471862540435,0.2759020779381065,>10x høgare risiko enn høgrisikoyrke
1026904493.0,Elg,haust,natt,9800,1617,7094112,324722,2,0.00041493711368706377,0.06224056705305957,>2x høgare risiko enn høgrisikoyrke
1026880758.0,Rådyr,haust,skumring,1000,10607,7105732,323057,2,0.0006199059551007282,0.09298589326510924,>2x høgare risiko enn høgrisikoyrke
1026879434.0,Rådyr,haust,natt,280,4816,7100634,336916,2,0.004876114192092894,0.7314171288139341,>10x høgare risiko enn høgrisikoyrke
1026904647.0,Elg,haust,skumring,2460,31163,7121736,350264,2,8.57716985323358e-05,0.01286575477985037,Sals- og serviceyrke
1026904649.0,Rådyr,haust,natt,2100,5896,7114892,334767,3,0.0007965863619104265,0.11948795428656397,>5x høgare risiko enn høgrisikoyrke
1026904647.0,Rådyr,haust,natt,2460,31163,7122310,352027,5,0.00021442924633083952,0.03216438694962593,1-2x høgare risiko enn høyrisikoyrke
1026904649.0,Rådyr,haust,skumring,2100,5896,7115425,336020,3,0.0007965863619104265,0.11948795428656397,>5x høgare risiko enn høgrisikoyrke
1026904351.0,Rådyr,haust,natt,9610,3220,7097295,324382,2,0.0002124903040231586,0.031873545603473795,1-2x høgare risiko enn høyrisikoyrke
1026880774.0,Rådyr,haust,natt,222,11420,7107201,316384,2,0.00259357791205307,0.3890366868079605,>10x høgare risiko enn høgrisikoyrke
1026904288.0,Elg,haust,natt,3800,4381,7110974,330284,2,0.0003949676513265071,0.05924514769897606,>2x høgare risiko enn høgrisikoyrke
1026880433.0,Rådyr,haust,skumring,140,34258,7088531,292282,2,0.0013709712154311036,0.20564568231466554,>5x høgare risiko enn høgrisikoyrke
1026880758.0,Elg,haust,natt,1000,10607,7106150,321652,2,0.0006199059551007282,0.09298589326510924,>2x høgare risiko enn høgrisikoyrke
1026880758.0,Elg,haust,skumring,1000,10607,7105174,324544,2,0.0006199059551007282,0.09298589326510924,>2x høgare risiko enn høgrisikoyrke
1026880883.0,Rådyr,haust,skumring,950,12989,7157402,326919,3,0.0007993009225320321,0.11989513837980481,>5x høgare risiko enn høgrisikoyrke
1026880403.0,Rådyr,haust,dag,300,14778,7167971,321103,2,0.0014831376518593912,0.22247064777890868,>10x høgare risiko enn høgrisikoyrke
1026879853.0,Rådyr,haust,skumring,1500,5669,7133991,316082,2,0.0007732513042574734,0.115987695638621,>5x høgare risiko enn høgrisikoyrke
1026880448.0,Rådyr,haust,skumring,4600,5227,7154306,335030,2,0.00027346896406424105,0.04102034460963616,1-2x høgare risiko enn høyrisikoyrke
1026880777.0,Rådyr,haust,skumring,248,24711,7158973,313918,2,0.0010729423206057875,0.16094134809086813,>5x høgare risiko enn høgrisikoyrke
1026880883.0,Rådyr,haust,dag,950,12989,7157492,323931,3,0.0007993009225320321,0.11989513837980481,>5x høgare risiko enn høgrisikoyrke
1026880535.0,Rådyr,haust,dag,411,27521,7181254,331806,2,0.0005813160917112025,0.08719741375668037,>2x høgare risiko enn høgrisikoyrke
1026879926.0,Rådyr,haust,skumring,2600,2200,7156576,330633,2,0.0011495353961107385,0.17243030941661078,>5x høgare risiko enn høgrisikoyrke
1026879599.0,Elg,haust,skumring,650,17819,7145227,317115,3,0.0008515554873259862,0.12773332309889793,>5x høgare risiko enn høgrisikoyrke
1026879861.0,Rådyr,haust,skumring,500,5676,7164442,321142,2,0.0023168930464247442,0.34753395696371164,>10x høgare risiko enn høgrisikoyrke
1026880883.0,Rådyr,haust,natt,950,12989,7156344,325304,3,0.0007993009225320321,0.11989513837980481,>5x høgare risiko enn høgrisikoyrke
1026880248.0,Rådyr,haust,dag,2390,6616,7126946,316371,3,0.000623758158150277,0.09356372372254156,>2x høgare risiko enn høgrisikoyrke
1026879599.0,Rådyr,haust,skumring,650,17819,7147962,315594,2,0.0005677036582173242,0.08515554873259863,>2x høgare risiko enn høgrisikoyrke
1026879599.0,Rådyr,haust,natt,650,17819,7142301,317259,3,0.0008515554873259862,0.12773332309889793,>5x høgare risiko enn høgrisikoyrke
1026879926.0,Elg,haust,natt,2600,2200,7157517,330531,3,0.0017243030941661078,0.2586454641249162,>10x høgare risiko enn høgrisikoyrke
1026879220.0,Rådyr,haust,dag,280,4363,7173058,323010,2,0.005382389628494012,0.8073584442741017,>10x høgare risiko enn høgrisikoyrke
1026880525.0,Rådyr,haust,natt,5200,4882,7147687,330636,2,0.0002590104333719403,0.03885156500579104,1-2x høgare risiko enn høyrisikoyrke
1026880535.0,Rådyr,haust,skumring,411,27521,7180511,330987,3,0.0008719741375668036,0.13079612063502055,>5x høgare risiko enn høgrisikoyrke
1026880535.0,Rådyr,haust,natt,411,27521,7183236,334698,4,0.001162632183422405,0.17439482751336075,>5x høgare risiko enn høgrisikoyrke
1026880762.0,Elg,haust,natt,2300,16255,7142770,323282,3,0.0002638121701317357,0.03957182551976036,1-2x høgare risiko enn høyrisikoyrke
1026880777.0,Rådyr,haust,natt,248,24711,7159527,312586,2,0.0010729423206057875,0.16094134809086813,>5x høgare risiko enn høgrisikoyrke
1026879210.0,Rådyr,haust,natt,2350,1726,7155276,330945,3,0.0024316495398609837,0.3647474309791476,>10x høgare risiko enn høgrisikoyrke
1026879934.0,Elg,haust,natt,931,14631,7163613,332634,3,0.0007240789881959166,0.10861184822938748,>5x høgare risiko enn høgrisikoyrke
1026880535.0,Elg,haust,natt,411,27521,7178386,329910,2,0.0005813160917112025,0.08719741375668037,>2x høgare risiko enn høgrisikoyrke
1026880248.0,Elg,haust,natt,2390,6616,7124728,316286,3,0.000623758158150277,0.09356372372254156,>2x høgare risiko enn høgrisikoyrke
1026880325.0,Rådyr,haust,dag,569,9828,7037346,205974,2,0.0011758203250126114,0.17637304875189172,>5x høgare risiko enn høgrisikoyrke
1026880009.0,Rådyr,haust,skumring,1530,13301,7035502,200821,5,0.000807760592199985,0.12116408882999775,>5x høgare risiko enn høgrisikoyrke
1026957497.0,Hjort,haust,skumring,1700,13680,7019988,177734,2,0.00028273746412768423,0.042410619619152636,>2x høgare risiko enn høgrisikoyrke
1026880009.0,Rådyr,haust,dag,1530,13301,7034912,201605,3,0.000484656355319991,0.07269845329799865,>2x høgare risiko enn høgrisikoyrke
1026879877.0,Rådyr,haust,dag,300,14165,7047232,193050,2,0.001547321441523338,0.23209821622850071,>10x høgare risiko enn høgrisikoyrke
1026880325.0,Rådyr,haust,skumring,569,9828,7034120,204112,3,0.0017637304875189172,0.26455957312783757,>10x høgare risiko enn høgrisikoyrke
1026880009.0,Hjort,haust,natt,1530,13301,7037836,200119,3,0.000484656355319991,0.07269845329799865,>2x høgare risiko enn høgrisikoyrke
1026957870.0,Rådyr,haust,dag,2140,5925,7011586,162330,2,0.0005185805801296127,0.0777870870194419,>2x høgare risiko enn høgrisikoyrke
1026880453.0,Rådyr,haust,skumring,1550,11332,7028765,201100,5,0.0009358799041471802,0.14038198562207704,>5x høgare risiko enn høgrisikoyrke
1026880009.0,Hjort,haust,skumring,1530,13301,7038623,200394,4,0.0006462084737599881,0.09693127106399821,>2x høgare risiko enn høgrisikoyrke
1026880325.0,Hjort,haust,skumring,569,9828,7038480,206789,2,0.0011758203250126114,0.17637304875189172,>5x høgare risiko enn høgrisikoyrke
1026957280.0,Rådyr,haust,natt,1700,13411,7022133,194101,3,0.00043261298664529717,0.06489194799679457,>2x høgare risiko enn høgrisikoyrke
1026957592.0,Hjort,haust,natt,2200,1038,7011450,159261,2,0.00287937575133711,0.43190636270056654,>10x høgare risiko enn høgrisikoyrke
1026957497.0,Hjort,haust,natt,1700,13680,7018946,176857,7,0.0009895811244468949,0.14843716866703424,>5x høgare risiko enn høgrisikoyrke
1026879826.0,Hjort,haust,natt,1200,2735,7043110,199270,2,0.0020034559615336456,0.30051839423004684,>10x høgare risiko enn høgrisikoyrke
1026957870.0,Hjort,haust,natt,2140,5925,7011492,161115,7,0.0018150320304536447,0.2722548045680467,>10x høgare risiko enn høgrisikoyrke
1026957540.0,Hjort,haust,skumring,2510,21968,7022780,202358,2,0.00011924883252411737,0.017887324878617605,"Bønder, fiskarar mv."
1026957280.0,Hjort,haust,natt,1700,13411,7021776,191181,6,0.0008652259732905943,0.12978389599358914,>5x høgare risiko enn høgrisikoyrke
1026880847.0,Hjort,haust,skumring,338,29036,7037338,214349,4,0.0013399694127415435,0.20099541191123152,>5x høgare risiko enn høgrisikoyrke
1026957280.0,Hjort,haust,skumring,1700,13411,7021691,190374,2,0.00028840865776353145,0.04326129866452972,>2x høgare risiko enn høgrisikoyrke
1026957623.0,Hjort,haust,natt,1700,3200,7017984,175000,2,0.0012087026591458502,0.18130539887187752,>5x høgare risiko enn høgrisikoyrke
1026880453.0,Rådyr,haust,natt,1550,11332,7028816,201244,3,0.0005615279424883081,0.08422919137324622,>2x høgare risiko enn høgrisikoyrke
1026958015.0,Hjort,haust,natt,1720,8661,7016763,166674,2,0.0004413893922873604,0.06620840884310406,>2x høgare risiko enn høgrisikoyrke
1026880325.0,Hjort,haust,natt,569,9828,7036817,206034,6,0.0035274609750378344,0.5291191462556751,>10x høgare risiko enn høgrisikoyrke
1026880847.0,Rådyr,haust,skumring,338,29036,7037492,213636,2,0.0006699847063707718,0.10049770595561576,>2x høgare risiko enn høgrisikoyrke
1026879640.0,Hjort,haust,skumring,550,7700,7043308,200208,2,0.001552619236305413,0.23289288544581196,>10x høgare risiko enn høgrisikoyrke
1026879939.0,Rådyr,haust,natt,924,4065,7033400,206363,2,0.0017505956948913022,0.26258935423369534,>10x høgare risiko enn høgrisikoyrke
1026957540.0,Hjort,haust,natt,2510,21968,7022712,202760,2,0.00011924883252411737,0.017887324878617605,"Bønder, fiskarar mv."
1026880725.0,Rådyr,haust,skumring,500,10604,7069802,201447,7,0.004340569338011502,0.6510854007017254,>10x høgare risiko enn høgrisikoyrke
1026880756.0,Rådyr,haust,skumring,600,60514,7057332,172229,3,0.00027164550623630173,0.040746825935445256,1-2x høgare risiko enn høyrisikoyrke
1026880756.0,Hjort,haust,skumring,600,60514,7056715,203604,5,0.0004527425103938362,0.06791137655907543,>2x høgare risiko enn høgrisikoyrke
1026880208.0,Hjort,haust,skumring,4330,7883,7063852,201946,4,0.000385273332988808,0.0577909999483212,>2x høgare risiko enn høgrisikoyrke
1026880746.0,Rådyr,haust,skumring,200,15254,7062227,206781,3,0.0032329270023043585,0.48493905034565377,>10x høgare risiko enn høgrisikoyrke
1026880725.0,Rådyr,haust,dag,500,10604,7071017,203396,5,0.003100406670008216,0.4650610005012324,>10x høgare risiko enn høgrisikoyrke
1026880756.0,Hjort,haust,dag,600,60514,7056038,185052,2,0.00018109700415753447,0.02716455062363017,1-2x høgare risiko enn høyrisikoyrke
1026879862.0,Rådyr,haust,dag,950,4754,7059909,210478,5,0.003639783930293285,0.5459675895439927,>10x høgare risiko enn høgrisikoyrke
1026880208.0,Rådyr,haust,dag,4330,7883,7065986,201231,2,0.000192636666494404,0.0288954999741606,1-2x høgare risiko enn høyrisikoyrke
1026880357.0,Rådyr,haust,skumring,2080,5404,7069656,195164,4,0.0011699564542207738,0.1754934681331161,>5x høgare risiko enn høgrisikoyrke
1026880270.0,Hjort,haust,skumring,2500,6262,7060413,204686,2,0.0004200154880711226,0.0630023232106684,>2x høgare risiko enn høgrisikoyrke
1026880756.0,Rådyr,haust,dag,600,60514,7056634,174981,2,0.00018109700415753447,0.02716455062363017,1-2x høgare risiko enn høyrisikoyrke
1026880725.0,Rådyr,haust,natt,500,10604,7070676,202926,2,0.0012401626680032865,0.186024400200493,>5x høgare risiko enn høgrisikoyrke
1026879448.0,Rådyr,haust,natt,1500,2674,7057864,207455,2,0.0016393274659071116,0.24589911988606675,>10x høgare risiko enn høgrisikoyrke
1026880745.0,Rådyr,haust,natt,120,19039,7068045,189624,2,0.0028780146303873737,0.43170219455810604,>10x høgare risiko enn høgrisikoyrke
1026880745.0,Hjort,haust,dag,120,19039,7068939,188006,2,0.0028780146303873737,0.43170219455810604,>10x høgare risiko enn høgrisikoyrke
1026879937.0,Rådyr,haust,skumring,2100,7341,7054096,213584,2,0.00042652437813412114,0.06397865672011817,>2x høgare risiko enn høgrisikoyrke
1026879639.0,Rådyr,haust,natt,220,9746,7071232,205959,3,0.004600028775735563,0.6900043163603345,>10x høgare risiko enn høgrisikoyrke
1026880746.0,Rådyr,haust,dag,200,15254,7062278,208200,2,0.0021552846682029057,0.3232927002304359,>10x høgare risiko enn høgrisikoyrke
1026880745.0,Hjort,haust,skumring,120,19039,7070292,187904,2,0.0028780146303873737,0.43170219455810604,>10x høgare risiko enn høgrisikoyrke
1026880208.0,Hjort,haust,natt,4330,7883,7063472,202152,3,0.00028895499974160603,0.04334324996124091,>2x høgare risiko enn høgrisikoyrke
1026880290.0,Rådyr,haust,skumring,2200,1560,7072188,194430,2,0.001915892326851231,0.28738384902768466,>10x høgare risiko enn høgrisikoyrke
1026880756.0,Hjort,haust,natt,600,60514,7054871,197058,2,0.00018109700415753447,0.02716455062363017,1-2x høgare risiko enn høyrisikoyrke
1026879862.0,Rådyr,haust,natt,950,4754,7059702,210097,2,0.001455913572117314,0.21838703581759708,>10x høgare risiko enn høgrisikoyrke
1026880745.0,Hjort,haust,natt,120,19039,7068144,189070,2,0.0028780146303873737,0.43170219455810604,>10x høgare risiko enn høgrisikoyrke
1026880826.0,Rådyr,haust,skumring,2040,11101,7082851,250764,6,0.0008710585778908928,0.13065878668363393,>5x høgare risiko enn høgrisikoyrke
1026879974.0,Rådyr,haust,skumring,1460,5634,7083360,240228,4,0.0015987430681997812,0.2398114602299672,>10x høgare risiko enn høgrisikoyrke
1026879567.0,Rådyr,haust,skumring,500,6970,7078725,249501,4,0.00377351074074802,0.566026611112203,>10x høgare risiko enn høgrisikoyrke
1026879920.0,Rådyr,haust,skumring,1400,11843,7083860,258804,4,0.0007931559891621844,0.11897339837432766,>5x høgare risiko enn høgrisikoyrke
1026880493.0,Rådyr,haust,skumring,4030,3702,7078834,239264,4,0.0008814687340560899,0.13222031010841348,>5x høgare risiko enn høgrisikoyrke
1026879646.0,Rådyr,haust,dag,6030,1770,7074922,236665,2,0.0006160667908811333,0.09241001863217,>2x høgare risiko enn høgrisikoyrke
1026880559.0,Rådyr,haust,natt,700,2612,7078212,245792,2,0.0035962275572924,0.53943413359386,>10x høgare risiko enn høgrisikoyrke
1026879502.0,Rådyr,haust,skumring,1070,1399,7079866,244350,2,0.004392551733049257,0.6588827599573887,>10x høgare risiko enn høgrisikoyrke
1026880826.0,Rådyr,haust,natt,2040,11101,7082250,247799,3,0.0004355292889454464,0.06532939334181696,>2x høgare risiko enn høgrisikoyrke
1026879974.0,Hjort,haust,natt,1460,5634,7082573,241058,2,0.0007993715340998906,0.1199057301149836,>5x høgare risiko enn høgrisikoyrke
1026880493.0,Rådyr,haust,natt,4030,3702,7078766,238939,9,0.001983304651626202,0.2974956977439303,>10x høgare risiko enn høgrisikoyrke
1026880221.0,Rådyr,haust,skumring,4000,2136,7080886,241352,2,0.0007695859627520394,0.1154378944128059,>5x høgare risiko enn høgrisikoyrke
1026880826.0,Elg,haust,skumring,2040,11101,7082616,247424,5,0.0007258821482424107,0.1088823222363616,>5x høgare risiko enn høgrisikoyrke
1026879974.0,Rådyr,haust,natt,1460,5634,7083839,240091,6,0.002398114602299672,0.3597171903449508,>10x høgare risiko enn høgrisikoyrke
1026880712.0,Rådyr,haust,natt,500,4317,7076874,245441,3,0.004569383228459642,0.6854074842689463,>10x høgare risiko enn høgrisikoyrke
1026880202.0,Rådyr,haust,natt,700,3084,7089924,240133,2,0.0030458321594188553,0.4568748239128283,>10x høgare risiko enn høgrisikoyrke
1026880752.0,Rådyr,haust,skumring,400,16391,7081543,238910,2,0.0010028891565117175,0.15043337347675761,>5x høgare risiko enn høgrisikoyrke
1026879411.0,Rådyr,haust,natt,837,2484,7091364,248898,2,0.003162578598972937,0.4743867898459405,>10x høgare risiko enn høgrisikoyrke
1026880493.0,Elg,haust,skumring,4030,3702,7079168,239631,3,0.0006611015505420674,0.09916523258131012,>2x høgare risiko enn høgrisikoyrke
1026880221.0,Rådyr,haust,natt,4000,2136,7080503,240517,3,0.0011543789441280591,0.17315684161920886,>5x høgare risiko enn høgrisikoyrke
1026879646.0,Rådyr,haust,natt,6030,1770,7075302,236838,2,0.0006160667908811333,0.09241001863217,>2x høgare risiko enn høgrisikoyrke
1026879897.0,Rådyr,haust,dag,240,14933,7126962,273141,2,0.001834678917429358,0.2752018376144037,>10x høgare risiko enn høgrisikoyrke
1026879241.0,Rådyr,haust,skumring,2540,6865,7101084,263741,2,0.00037708922158807514,0.05656338323821127,>2x høgare risiko enn høgrisikoyrke
1026880753.0,Rådyr,haust,skumring,280,59961,7096952,271854,4,0.0007832880021720576,0.11749320032580864,>5x høgare risiko enn høgrisikoyrke
1026880283.0,Rådyr,haust,dag,1430,2522,7096211,266148,2,0.0018232123649654854,0.2734818547448228,>10x høgare risiko enn høgrisikoyrke
1026880542.0,Rådyr,haust,dag,600,35965,7111274,277932,2,0.00030471024911967305,0.04570653736795096,>2x høgare risiko enn høgrisikoyrke
1026879342.0,Rådyr,haust,skumring,300,7657,7104789,278758,2,0.002862453731118987,0.4293680596678481,>10x høgare risiko enn høgrisikoyrke
1026880542.0,Rådyr,haust,skumring,600,35965,7112862,274461,2,0.00030471024911967305,0.04570653736795096,>2x høgare risiko enn høgrisikoyrke
1026879397.0,Rådyr,haust,natt,700,9919,7102566,269699,6,0.0028410161446661203,0.426152421699918,>10x høgare risiko enn høgrisikoyrke
1026879598.0,Rådyr,haust,natt,1510,4701,7100050,266212,2,0.000926298964959326,0.1389448447438989,>5x høgare risiko enn høgrisikoyrke
1026879972.0,Elg,haust,natt,1300,10467,7103752,260331,2,0.000483228789804839,0.07248431847072585,>2x høgare risiko enn høgrisikoyrke
1026879972.0,Rådyr,haust,natt,1300,10467,7103738,260328,2,0.000483228789804839,0.07248431847072585,>2x høgare risiko enn høgrisikoyrke
1026879817.0,Rådyr,haust,dag,1490,19621,7046495,246217,3,0.0003373667132643506,0.05060500698965259,>2x høgare risiko enn høgrisikoyrke
1026879817.0,Hjort,haust,skumring,1490,19621,7040520,247911,3,0.0003373667132643506,0.05060500698965259,>2x høgare risiko enn høgrisikoyrke
1026880392.0,Rådyr,haust,natt,4870,1676,7026213,239462,2,0.0008055924766792726,0.12083887150189089,>5x høgare risiko enn høgrisikoyrke
1026879522.0,Rådyr,haust,natt,5440,3137,7024413,237620,2,0.00038530527865663055,0.05779579179849458,>2x høgare risiko enn høgrisikoyrke
1026879917.0,Rådyr,haust,natt,1540,6737,7001976,231416,3,0.0009506537553450838,0.14259806330176256,>5x høgare risiko enn høgrisikoyrke
1026879831.0,Hjort,haust,natt,4680,3977,7017376,236795,2,0.0003532782766803041,0.052991741502045615,>2x høgare risiko enn høgrisikoyrke
1026880431.0,Rådyr,haust,natt,532,9440,7066298,237712,2,0.00130928668315786,0.196393002473679,>5x høgare risiko enn høgrisikoyrke
1026880151.0,Rådyr,haust,natt,2000,8511,7032880,242160,4,0.0007725699055050434,0.11588548582575652,>5x høgare risiko enn høgrisikoyrke
1026880387.0,Hjort,haust,natt,1740,9706,7013716,231188,2,0.00038933983634683987,0.05840097545202598,>2x høgare risiko enn høgrisikoyrke
1026879658.0,Rådyr,haust,natt,1800,6784,6998362,232724,6,0.0016154044972861205,0.24231067459291808,>10x høgare risiko enn høgrisikoyrke
1026879817.0,Hjort,haust,natt,1490,19621,7046273,245874,4,0.00044982228435246747,0.06747334265287012,>2x høgare risiko enn høgrisikoyrke
1026879817.0,Rådyr,haust,skumring,1490,19621,7044357,246379,3,0.0003373667132643506,0.05060500698965259,>2x høgare risiko enn høgrisikoyrke
1026880697.0,Hjort,haust,skumring,2000,6779,7038306,229208,2,0.0004849787922815625,0.07274681884223438,>2x høgare risiko enn høgrisikoyrke
1026958115.0,Hjort,haust,natt,4500,6639,7030479,239179,3,0.0003301371926371153,0.04952057889556729,>2x høgare risiko enn høgrisikoyrke
1026879820.0,Hjort,haust,natt,457,4614,7020813,238332,2,0.0031183480520011043,0.46775220780016563,>10x høgare risiko enn høgrisikoyrke
1026879927.0,Hjort,haust,natt,1600,2750,7042643,227041,3,0.00224159402241594,0.33623910336239105,>10x høgare risiko enn høgrisikoyrke
1026879658.0,Rådyr,haust,skumring,1800,6784,6999528,232604,2,0.0005384681657620401,0.08077022486430602,>2x høgare risiko enn høgrisikoyrke
1026880071.0,Rådyr,haust,skumring,479,7560,7205324,312412,3,0.0027236564543167913,0.4085484681475187,>10x høgare risiko enn høgrisikoyrke
1026880760.0,Elg,haust,skumring,711,24849,7205288,355530,2,0.00037216871285141297,0.05582530692771195,>2x høgare risiko enn høgrisikoyrke
1026880680.0,Rådyr,haust,dag,700,10831,7198197,315619,2,0.0008672649228739498,0.13008973843109245,>5x høgare risiko enn høgrisikoyrke
1026879323.0,Rådyr,haust,dag,752,5811,7193168,337234,2,0.0015046991000545152,0.22570486500817727,>10x høgare risiko enn høgrisikoyrke
1026880787.0,Rådyr,haust,dag,866,17686,7189785,329144,2,0.0004293098614653926,0.0643964792198089,>2x høgare risiko enn høgrisikoyrke
1026879260.0,Rådyr,haust,skumring,800,4822,7192256,329391,2,0.0017045164002886313,0.2556774600432947,>10x høgare risiko enn høgrisikoyrke
1026880379.0,Rådyr,haust,skumring,835,20271,7203760,367821,2,0.0003884693224622783,0.058270398369341746,>2x høgare risiko enn høgrisikoyrke
1026880787.0,Rådyr,haust,skumring,866,17686,7189682,329252,4,0.0008586197229307852,0.1287929584396178,>5x høgare risiko enn høgrisikoyrke
1026880175.0,Rådyr,haust,skumring,2400,1458,7196410,325385,5,0.004697746960557717,0.7046620440836575,>10x høgare risiko enn høgrisikoyrke
1026879875.0,Rådyr,haust,dag,2200,7350,7196524,329825,5,0.0010165959285333061,0.15248938927999592,>5x høgare risiko enn høgrisikoyrke
1026880680.0,Rådyr,haust,skumring,700,10831,7197802,316146,2,0.0008672649228739498,0.13008973843109245,>5x høgare risiko enn høgrisikoyrke
1026879875.0,Rådyr,haust,natt,2200,7350,7196548,330420,12,0.002439830228479935,0.3659745342719903,>10x høgare risiko enn høgrisikoyrke
1026880274.0,Rådyr,haust,natt,3800,3178,7196546,323173,3,0.0008167180367187355,0.12250770550781033,>5x høgare risiko enn høgrisikoyrke
1026880518.0,Rådyr,haust,skumring,1300,2790,7200769,321995,2,0.001812887363042025,0.27193310445630375,>10x høgare risiko enn høgrisikoyrke
1026880175.0,Rådyr,haust,natt,2400,1458,7196413,325336,4,0.0037581975684461734,0.563729635266926,>10x høgare risiko enn høgrisikoyrke
1026879875.0,Rådyr,haust,skumring,2200,7350,7196492,329780,4,0.000813276742826645,0.12199151142399674,>5x høgare risiko enn høgrisikoyrke
1026880680.0,Rådyr,haust,natt,700,10831,7197381,316697,5,0.0021681623071848743,0.32522434607773115,>10x høgare risiko enn høgrisikoyrke
1026880760.0,Rådyr,haust,skumring,711,24849,7206226,356398,3,0.0005582530692771194,0.0837379603915679,>2x høgare risiko enn høgrisikoyrke
1026879443.0,Rådyr,haust,natt,175,5832,7206552,308980,3,0.009663936604575873,1.449590490686381,>10x høgare risiko enn høgrisikoyrke
1026880760.0,Rådyr,haust,natt,711,24849,7205706,355534,6,0.0011165061385542388,0.1674759207831358,>5x høgare risiko enn høgrisikoyrke
1026880274.0,Rådyr,haust,skumring,3800,3178,7196401,323167,3,0.0008167180367187355,0.12250770550781033,>5x høgare risiko enn høgrisikoyrke
1026880320.0,Rådyr,haust,natt,400,9671,7199689,326012,2,0.001699757642889418,0.2549636464334127,>10x høgare risiko enn høgrisikoyrke
1026880621.0,Rådyr,haust,natt,350,13086,7203608,345266,2,0.001435632948135068,0.21534494222026018,>10x høgare risiko enn høgrisikoyrke
1026879443.0,Rådyr,haust,skumring,175,5832,7205956,308574,2,0.006442624403050583,0.9663936604575873,>10x høgare risiko enn høgrisikoyrke
1026880071.0,Rådyr,haust,natt,479,7560,7205919,313544,4,0.003631541939089055,0.5447312908633583,>10x høgare risiko enn høgrisikoyrke
1026880787.0,Rådyr,haust,natt,866,17686,7187816,327490,2,0.0004293098614653926,0.0643964792198089,>2x høgare risiko enn høgrisikoyrke
1026879260.0,Rådyr,haust,natt,800,4822,7192045,328384,4,0.0034090328005772627,0.5113549200865894,>10x høgare risiko enn høgrisikoyrke
1026880720.0,Rådyr,haust,natt,169,10142,7205010,305800,2,0.0038362602907082884,0.5754390436062432,>10x høgare risiko enn høgrisikoyrke
1026880760.0,Elg,haust,natt,711,24849,7205114,354030,4,0.0007443374257028259,0.1116506138554239,>5x høgare risiko enn høgrisikoyrke
1026880415.0,Rådyr,haust,skumring,2200,1017,7196350,326904,2,0.0029388318877953987,0.4408247831693098,>10x høgare risiko enn høgrisikoyrke
1026880071.0,Elg,haust,natt,479,7560,7204772,311394,2,0.0018157709695445275,0.2723656454316791,>10x høgare risiko enn høgrisikoyrke
