Vegobjekt_540_id,Art,årstid,lysforhold,"ÅDT, total_avg",Vegobjekt_540_lengde_avg,UTM_nord_int_avg,UTM33_øst_int_avg,antall_kollisjoner,frekvens,årsrisiko,samanlikning_yrke
1022805650.0,Hjort,vinter,Natt,2370,5880,6939555,220860,2,0.00047183777273697756,0.07077566591054664,>2x høgare risiko enn høgrisikoyrke
1024046011.0,Rådyr,vinter,Natt,2300,7350,7196447,328883,4,0.0007779168844428778,0.11668753266643167,>5x høgare risiko enn høgrisikoyrke
1024046009.0,Rådyr,vinter,Natt,550,6225,7078559,305966,2,0.0019205089348677399,0.288076340230161,>10x høgare risiko enn høgrisikoyrke
1022805904.0,Rådyr,vinter,Natt,8480,3885,7067071,308105,4,0.0003991733120707016,0.059875996810605236,>2x høgare risiko enn høgrisikoyrke
1024045637.0,Rådyr,vinter,Natt,1000,10607,7104721,326310,4,0.0012398119102014565,0.18597178653021848,>5x høgare risiko enn høgrisikoyrke
1024046721.0,Rådyr,vinter,Natt,700,4822,7192142,328564,2,0.0019480187431870073,0.2922028114780511,>10x høgare risiko enn høgrisikoyrke
1024046351.0,Rådyr,vinter,Skumring,3300,2138,7098439,323508,3,0.00139793827403551,0.2096907411053265,>10x høgare risiko enn høgrisikoyrke
1024045869.0,Rådyr,vinter,Natt,703,10534,7016472,266234,2,0.0008879116171888339,0.13318674257832508,>5x høgare risiko enn høgrisikoyrke
1024046640.0,Rådyr,vinter,Natt,1800,6784,6998053,232833,3,0.0008077022486430602,0.12115533729645904,>5x høgare risiko enn høgrisikoyrke
1024045937.0,Rådyr,vinter,Natt,1160,3332,7062723,252800,2,0.0017012000832453908,0.2551800124868086,>10x høgare risiko enn høgrisikoyrke
1024045964.0,Rådyr,vinter,Natt,697,28148,7059386,272966,7,0.0011730218481435688,0.17595327722153534,>5x høgare risiko enn høgrisikoyrke
1024046133.0,Rådyr,vinter,Natt,2100,1803,7077628,331247,2,0.0017366142317707062,0.26049213476560595,>10x høgare risiko enn høgrisikoyrke
1024046995.0,Rådyr,vinter,Natt,300,6589,7057820,249902,2,0.003326424073331019,0.49896361099965286,>10x høgare risiko enn høgrisikoyrke
1024045964.0,Rådyr,vinter,Skumring,697,28148,7056286,264777,3,0.0005027236492043866,0.07540854738065798,>2x høgare risiko enn høgrisikoyrke
1024045805.0,Hjort,vinter,Natt,600,9828,7036057,205634,2,0.0011150696082202931,0.16726044123304398,>5x høgare risiko enn høgrisikoyrke
1024046571.0,Rådyr,vinter,Natt,4800,2337,7043256,268000,2,0.0005861630353866625,0.08792445530799937,>2x høgare risiko enn høgrisikoyrke
1022805906.0,Rådyr,vinter,Natt,3940,2856,7043228,308466,2,0.0005843377612501088,0.08765066418751633,>2x høgare risiko enn høgrisikoyrke
1024046157.0,Rådyr,vinter,Natt,1700,8092,7059706,295708,3,0.0007169763672639744,0.10754645508959615,>5x høgare risiko enn høgrisikoyrke
1024046468.0,Rådyr,vinter,Skumring,411,27522,7180460,330860,2,0.0005812949698417267,0.087194245476259,>2x høgare risiko enn høgrisikoyrke
1024046468.0,Rådyr,vinter,Natt,411,27522,7180842,332357,2,0.0005812949698417267,0.087194245476259,>2x høgare risiko enn høgrisikoyrke
1024046346.0,Rådyr,vinter,Natt,4100,2136,7080503,240517,3,0.0011262233601249357,0.16893350401874035,>5x høgare risiko enn høgrisikoyrke
1024045884.0,Hjort,vinter,Natt,1600,2750,7042785,226829,2,0.0014943960149439602,0.22415940224159403,>10x høgare risiko enn høgrisikoyrke
1024045598.0,Elg,vinter,Natt,2600,2200,7157501,330532,2,0.0011495353961107385,0.17243030941661078,>5x høgare risiko enn høgrisikoyrke
1022805388.0,Elg,vinter,Skumring,2600,31163,7121736,350264,2,8.115322245751773e-05,0.012172983368627658,Sals- og serviceyrke
1024046433.0,Rådyr,vinter,Natt,500,30115,7114764,345066,3,0.0006550233238339789,0.09825349857509683,>2x høgare risiko enn høgrisikoyrke
1024046955.0,Rådyr,vinter,Natt,300,8196,7089988,304510,2,0.0026742079330378333,0.401131189955675,>10x høgare risiko enn høgrisikoyrke
1024046114.0,Rådyr,vinter,Natt,735,13592,7104390,314607,2,0.0006581845328938416,0.09872767993407625,>2x høgare risiko enn høgrisikoyrke
1024046292.0,Elg,vinter,Natt,2310,6616,7124792,316283,2,0.00043024011485690104,0.06453601722853515,>2x høgare risiko enn høgrisikoyrke
1022805754.0,Elg,vinter,Natt,4400,13248,6959680,239513,3,0.00016920244734419838,0.025380367101629758,1-2x høgare risiko enn høyrisikoyrke
1022805567.0,Elg,vinter,Natt,2700,8321,7147329,370716,4,0.0005853411908071434,0.08780117862107151,>2x høgare risiko enn høgrisikoyrke
1024045639.0,Elg,vinter,Natt,770,24849,7203356,349798,2,0.00034365188939916184,0.05154778340987427,>2x høgare risiko enn høgrisikoyrke
1024047173.0,Rådyr,vinter,Natt,2350,1726,7155376,330952,2,0.001621099693240656,0.24316495398609841,>10x høgare risiko enn høgrisikoyrke
1022805448.0,Rådyr,vinter,Natt,5460,4150,7043422,304378,2,0.00029018678960913654,0.043528018441370483,>2x høgare risiko enn høgrisikoyrke
1022805754.0,Rådyr,vinter,Natt,4400,13248,6956063,234318,9,0.0005076073420325952,0.07614110130488927,>2x høgare risiko enn høgrisikoyrke
1024046601.0,Rådyr,vinter,Natt,1720,13505,7073586,264258,2,0.00028307097568314166,0.04246064635247125,>2x høgare risiko enn høgrisikoyrke
1024046552.0,Elg,vinter,Natt,2890,2071,7097829,321591,2,0.0010986021272095664,0.16479031908143496,>5x høgare risiko enn høgrisikoyrke
1022805677.0,Rådyr,vinter,Natt,3590,8567,6949568,225440,3,0.0003206907407750781,0.04810361111626171,>2x høgare risiko enn høgrisikoyrke
1024046468.0,Elg,vinter,Natt,411,27522,7178386,329910,2,0.0005812949698417267,0.087194245476259,>2x høgare risiko enn høgrisikoyrke
1024045800.0,Rådyr,vinter,Natt,500,4614,7021609,238072,2,0.0028501701195290095,0.4275255179293514,>10x høgare risiko enn høgrisikoyrke
1022805435.0,Elg,vinter,Natt,2410,12050,7139976,371508,4,0.0004528394804327353,0.0679259220649103,>2x høgare risiko enn høgrisikoyrke
1022805470.0,Rådyr,vinter,Natt,7070,4799,7043283,300036,4,0.0003875950385557944,0.05813925578336916,>2x høgare risiko enn høgrisikoyrke
1024046670.0,Rådyr,vinter,Natt,355,18427,7075443,254132,4,0.0020103208827076083,0.30154813240614126,>10x høgare risiko enn høgrisikoyrke
1024045852.0,Rådyr,vinter,Natt,2200,6091,7032804,261892,2,0.000490689875207342,0.07360348128110131,>2x høgare risiko enn høgrisikoyrke
1022805621.0,Rådyr,vinter,Natt,4980,4610,6954550,231860,2,0.00028640995503721717,0.04296149325558257,>2x høgare risiko enn høgrisikoyrke
1024046937.0,Elg,vinter,Natt,1200,5986,7024454,259728,2,0.0009153778908778016,0.13730668363167026,>5x høgare risiko enn høgrisikoyrke
1024046321.0,Elg,vinter,Natt,1100,4553,7103812,334212,2,0.0013128890972492512,0.1969333645873877,>5x høgare risiko enn høgrisikoyrke
1022805783.0,Elg,vinter,Natt,1830,15372,7031814,343880,2,0.00023374208395910472,0.03506131259386571,1-2x høgare risiko enn høyrisikoyrke
1024045835.0,Rådyr,vinter,Natt,550,3892,7084636,306156,2,0.0030717287049207816,0.46075930573811724,>10x høgare risiko enn høgrisikoyrke
1024045551.0,Elg,vinter,Natt,877,20271,7200574,373162,2,0.00036986531842189555,0.055479797763284336,>2x høgare risiko enn høgrisikoyrke
1024046131.0,Rådyr,vinter,Natt,1500,4662,7052245,248516,4,0.0018805498257553053,0.28208247386329577,>10x høgare risiko enn høgrisikoyrke
1022805428.0,Rådyr,vinter,Natt,2100,5896,7115502,335698,2,0.000531057574606951,0.07965863619104266,>2x høgare risiko enn høgrisikoyrke
1024046394.0,Hjort,vinter,Natt,200,8959,7050232,222290,2,0.0036696854926629224,0.5504528238994384,>10x høgare risiko enn høgrisikoyrke
1024045805.0,Rådyr,vinter,Skumring,600,9828,7034272,204306,2,0.0011150696082202931,0.16726044123304398,>5x høgare risiko enn høgrisikoyrke
1024045635.0,Hjort,vinter,Natt,500,60514,7054871,197058,2,0.00021731640498904136,0.032597460748356205,1-2x høgare risiko enn høyrisikoyrke
1024045655.0,Rådyr,vinter,Natt,1580,4049,7056648,248398,2,0.0010278115968239423,0.15417173952359134,>5x høgare risiko enn høgrisikoyrke
1024046755.0,Rådyr,vinter,Natt,2190,2792,7061334,251332,2,0.0010753723073349533,0.16130584610024298,>5x høgare risiko enn høgrisikoyrke
1022805738.0,Hjort,vinter,Natt,1700,13680,7019921,178216,4,0.0005654749282553685,0.08482123923830527,>2x høgare risiko enn høgrisikoyrke
1024045703.0,Elg,vinter,Natt,418,55635,7151366,411816,2,0.0002827443941373445,0.04241165912060167,>2x høgare risiko enn høgrisikoyrke
1022805624.0,Elg,vinter,Skumring,9600,7748,7056724,301864,2,8.840107212820277e-05,0.013260160819230414,Sals- og serviceyrke
1022805828.0,Hjort,vinter,Natt,3400,5232,7040563,311765,2,0.0003696338407173854,0.05544507610760781,>2x høgare risiko enn høgrisikoyrke
1024046392.0,Elg,vinter,Skumring,4130,3702,7079168,239631,3,0.0006450942490761578,0.09676413736142367,>2x høgare risiko enn høgrisikoyrke
1024046392.0,Rådyr,vinter,Natt,4130,3702,7078642,239082,3,0.0006450942490761578,0.09676413736142367,>2x høgare risiko enn høgrisikoyrke
1024046693.0,Rådyr,vinter,Natt,718,9919,7102984,271433,2,0.0009232642995665201,0.138489644934978,>5x høgare risiko enn høgrisikoyrke
1022805388.0,Rådyr,vinter,Natt,2600,31163,7122340,352523,4,0.00016230644491503545,0.024345966737255316,1-2x høgare risiko enn høyrisikoyrke
1024046396.0,Rådyr,vinter,Natt,1380,12040,6981809,305920,2,0.0003957426010973942,0.05936139016460913,>2x høgare risiko enn høgrisikoyrke
1024046741.0,Rådyr,vinter,Natt,621,4229,7024999,272760,4,0.0050074784343161,0.7511217651474149,>10x høgare risiko enn høgrisikoyrke
1022805435.0,Elg,vinter,Skumring,2410,12050,7140002,371258,2,0.00022641974021636764,0.03396296103245515,1-2x høgare risiko enn høyrisikoyrke
1024046011.0,Rådyr,vinter,Skumring,2300,7350,7196438,328782,2,0.0003889584422214389,0.058343766333215835,>2x høgare risiko enn høgrisikoyrke
1024045877.0,Rådyr,vinter,Skumring,1800,5465,7034463,260208,2,0.000668429649868194,0.1002644474802291,>2x høgare risiko enn høgrisikoyrke
1024046114.0,Rådyr,haust,Skumring,735,13592,7104666,314864,4,0.0013163690657876832,0.1974553598681525,>5x høgare risiko enn høgrisikoyrke
1024046188.0,Rådyr,haust,Natt,1000,2156,7061472,253066,2,0.003049787785599919,0.45746816783998784,>10x høgare risiko enn høgrisikoyrke
1024046401.0,Rådyr,haust,Natt,2800,2723,7112618,322801,2,0.0008624078571105168,0.12936117856657753,>5x høgare risiko enn høgrisikoyrke
1024045895.0,Rådyr,haust,Skumring,1490,19621,7041839,247306,2,0.00022491114217623373,0.03373667132643506,1-2x høgare risiko enn høyrisikoyrke
1024046982.0,Rådyr,haust,Natt,5440,3137,7024413,237620,2,0.00038530527865663055,0.05779579179849458,>2x høgare risiko enn høgrisikoyrke
1024046048.0,Rådyr,haust,Skumring,2400,6122,7037311,258457,2,0.0004475214027110847,0.0671282104066627,>2x høgare risiko enn høgrisikoyrke
1024046726.0,Rådyr,haust,Natt,920,12989,7156173,326232,2,0.0005502433886995873,0.0825365083049381,>2x høgare risiko enn høgrisikoyrke
1024045652.0,Rådyr,haust,Natt,349,14238,7158884,298388,2,0.0013232562736696432,0.1984884410504465,>5x høgare risiko enn høgrisikoyrke
1024046452.0,Rådyr,haust,Skumring,1100,6085,7109309,337884,5,0.002455868553728776,0.36838028305931636,>10x høgare risiko enn høgrisikoyrke
1024045683.0,Rådyr,haust,Natt,435,9478,7156090,303699,4,0.0031896454539628006,0.4784468180944201,>10x høgare risiko enn høgrisikoyrke
1022805852.0,Hjort,haust,Natt,2100,1038,7011450,159261,2,0.003016488882353163,0.4524733323529745,>10x høgare risiko enn høgrisikoyrke
1024045964.0,Rådyr,haust,Natt,697,28148,7060768,275590,3,0.0005027236492043866,0.07540854738065798,>2x høgare risiko enn høgrisikoyrke
1024046621.0,Rådyr,haust,Natt,300,8967,7093766,316337,2,0.002444274363686638,0.3666411545529957,>10x høgare risiko enn høgrisikoyrke
1024045770.0,Rådyr,haust,Natt,716,26246,7151870,341817,2,0.00034989862066523065,0.0524847930997846,>2x høgare risiko enn høgrisikoyrke
1022805706.0,Hjort,haust,Skumring,2450,21968,7022780,202358,2,0.0001221692120961366,0.018325381814420488,"Bønder, fiskarar mv."
1024046011.0,Rådyr,haust,Natt,2300,7350,7196614,331544,6,0.0011668753266643166,0.1750312989996475,>5x høgare risiko enn høgrisikoyrke
1024046122.0,Rådyr,haust,Skumring,3800,3178,7196460,322854,2,0.0005444786911458237,0.08167180367187354,>2x høgare risiko enn høgrisikoyrke
1024045633.0,Rådyr,haust,Natt,359,13203,6987046,264297,2,0.0013872390498220575,0.20808585747330863,>10x høgare risiko enn høgrisikoyrke
1024046664.0,Rådyr,haust,Skumring,500,6970,7078211,248358,2,0.00188675537037401,0.2830133055561015,>10x høgare risiko enn høgrisikoyrke
1024045895.0,Hjort,haust,Natt,1490,19621,7044701,246679,3,0.0003373667132643506,0.05060500698965259,>2x høgare risiko enn høgrisikoyrke
1024045894.0,Rådyr,haust,Natt,1580,11332,7031244,202072,2,0.00036724401301977956,0.05508660195296693,>2x høgare risiko enn høgrisikoyrke
1024045748.0,Elg,haust,Skumring,2040,11101,7083170,248625,3,0.0004355292889454464,0.06532939334181696,>2x høgare risiko enn høgrisikoyrke
1024045639.0,Rådyr,haust,Natt,770,24849,7204623,353815,2,0.00034365188939916184,0.05154778340987427,>2x høgare risiko enn høgrisikoyrke
1024045535.0,Rådyr,haust,Natt,836,9080,7061813,245519,4,0.0017324321991003479,0.25986482986505216,>10x høgare risiko enn høgrisikoyrke
1024045936.0,Rådyr,haust,Skumring,2000,4334,7151921,369327,2,0.0007585766573319594,0.11378649859979391,>5x høgare risiko enn høgrisikoyrke
1024045705.0,Rådyr,haust,Natt,2300,7392,6939327,310083,2,0.00038674845107245344,0.05801226766086802,>2x høgare risiko enn høgrisikoyrke
1024045807.0,Rådyr,haust,Natt,1600,11321,7059056,261062,2,0.0003630058335037444,0.05445087502556166,>2x høgare risiko enn høgrisikoyrke
1022805916.0,Rådyr,haust,Natt,1660,9285,7021716,191438,2,0.0004266073966790214,0.06399110950185322,>2x høgare risiko enn høgrisikoyrke
1022805364.0,Rådyr,haust,Natt,11000,5601,7013366,263635,2,0.00010672351472551045,0.01600852720882657,"Renhaldarar, hjelpearbeidarar mv."
1024046392.0,Rådyr,haust,Natt,4130,3702,7078911,239055,6,0.0012901884981523157,0.19352827472284734,>5x høgare risiko enn høgrisikoyrke
1024046069.0,Rådyr,haust,Natt,550,4317,7076804,245340,2,0.0027693231687634192,0.4153984753145129,>10x høgare risiko enn høgrisikoyrke
1024045964.0,Rådyr,haust,Skumring,697,28148,7059846,273714,3,0.0005027236492043866,0.07540854738065798,>2x høgare risiko enn høgrisikoyrke
1024046694.0,Hjort,haust,Skumring,338,29036,7037937,215652,2,0.0006699847063707718,0.10049770595561576,>2x høgare risiko enn høgrisikoyrke
1024045748.0,Rådyr,haust,Skumring,2040,11101,7082825,250228,3,0.0004355292889454464,0.06532939334181696,>2x høgare risiko enn høgrisikoyrke
1024046018.0,Rådyr,haust,Natt,4870,1927,7026213,239462,2,0.0007006606076359424,0.10509909114539136,>5x høgare risiko enn høgrisikoyrke
1024045783.0,Rådyr,haust,Natt,866,17686,7187816,327490,2,0.0004293098614653926,0.0643964792198089,>2x høgare risiko enn høgrisikoyrke
1024046244.0,Rådyr,haust,Natt,507,5116,7020547,297715,3,0.0038025167971426368,0.5703775195713955,>10x høgare risiko enn høgrisikoyrke
1024046995.0,Rådyr,haust,Natt,300,6589,7059047,250794,2,0.003326424073331019,0.49896361099965286,>10x høgare risiko enn høgrisikoyrke
1022805754.0,Rådyr,haust,Natt,4400,13248,6959150,238200,3,0.00016920244734419838,0.025380367101629758,1-2x høgare risiko enn høyrisikoyrke
1024045805.0,Hjort,haust,Skumring,600,9828,7038480,206789,2,0.0011150696082202931,0.16726044123304398,>5x høgare risiko enn høgrisikoyrke
1022805388.0,Rådyr,haust,Natt,2600,31163,7122159,351190,3,0.00012172983368627659,0.01825947505294149,"Bønder, fiskarar mv."
1024045715.0,Elg,haust,Natt,205,14436,6987450,261768,2,0.002221864872288596,0.3332797308432894,>10x høgare risiko enn høgrisikoyrke
1024045906.0,Rådyr,haust,Skumring,400,16391,7081543,238910,2,0.0010028891565117175,0.15043337347675761,>5x høgare risiko enn høgrisikoyrke
1024045735.0,Elg,haust,Natt,1470,5062,7067503,265091,3,0.0013254707878940777,0.19882061818411165,>5x høgare risiko enn høgrisikoyrke
1022805395.0,Hjort,haust,Natt,2080,5925,7011507,161646,4,0.0010670792706513185,0.16006189059769776,>5x høgare risiko enn høgrisikoyrke
1022805388.0,Elg,haust,Natt,2600,31163,7119314,345811,4,0.00016230644491503545,0.024345966737255316,1-2x høgare risiko enn høyrisikoyrke
1024046433.0,Rådyr,haust,Natt,500,30115,7118799,354796,3,0.0006550233238339789,0.09825349857509683,>2x høgare risiko enn høgrisikoyrke
1024045877.0,Rådyr,haust,Skumring,1800,5465,7035402,259456,2,0.000668429649868194,0.1002644474802291,>2x høgare risiko enn høgrisikoyrke
1024046627.0,Rådyr,haust,Natt,1520,4701,7100050,266212,2,0.0009202048928214356,0.13803073392321533,>5x høgare risiko enn høgrisikoyrke
1022805904.0,Elg,haust,Skumring,8480,3885,7066900,307949,3,0.0002993799840530262,0.04490699760795393,>2x høgare risiko enn høgrisikoyrke
1022805828.0,Hjort,haust,Natt,3400,5232,7040692,311753,2,0.0003696338407173854,0.05544507610760781,>2x høgare risiko enn høgrisikoyrke
1022805618.0,Rådyr,haust,Natt,9000,2598,7091082,325330,2,0.00028121385962507164,0.04218207894376075,>2x høgare risiko enn høgrisikoyrke
1022805470.0,Rådyr,haust,Skumring,7070,4799,7043574,299959,3,0.0002906962789168458,0.04360444183752687,>2x høgare risiko enn høgrisikoyrke
1022805470.0,Rådyr,haust,Natt,7070,4799,7043676,299788,2,0.0001937975192778972,0.02906962789168458,1-2x høgare risiko enn høyrisikoyrke
1024045612.0,Rådyr,haust,Natt,1540,6737,7001976,231416,3,0.0009506537553450838,0.14259806330176256,>5x høgare risiko enn høgrisikoyrke
1024045967.0,Rådyr,haust,Natt,950,3693,7111122,339742,2,0.0018741979750462254,0.2811296962569338,>10x høgare risiko enn høgrisikoyrke
1024045862.0,Rådyr,haust,Skumring,350,10705,7105998,339958,2,0.0017549456103965902,0.26324184155948854,>10x høgare risiko enn høgrisikoyrke
1022805677.0,Rådyr,haust,Natt,3590,8567,6947926,224897,2,0.0002137938271833854,0.03206907407750781,1-2x høgare risiko enn høyrisikoyrke
1024046045.0,Elg,haust,Natt,619,15466,7083306,299986,2,0.0006868307369266542,0.10302461053899813,>2x høgare risiko enn høgrisikoyrke
1024046537.0,Rådyr,haust,Natt,500,4923,7064552,307312,2,0.002671274615378194,0.4006911923067291,>10x høgare risiko enn høgrisikoyrke
1024046936.0,Rådyr,haust,Natt,175,5832,7206790,309110,2,0.006442624403050583,0.9663936604575873,>10x høgare risiko enn høgrisikoyrke
1024045894.0,Rådyr,haust,Skumring,1580,11332,7031201,201958,3,0.0005508660195296693,0.0826299029294504,>2x høgare risiko enn høgrisikoyrke
1024046349.0,Hjort,haust,Skumring,1940,6779,7038306,229208,2,0.0004999781363727449,0.07499672045591174,>2x høgare risiko enn høgrisikoyrke
1022805712.0,Elg,haust,Natt,5000,8065,6983714,252058,2,0.00016305870962810725,0.024458806444216087,1-2x høgare risiko enn høyrisikoyrke
1024045610.0,Rådyr,haust,Natt,700,3084,7089924,240133,2,0.0030458321594188553,0.4568748239128283,>10x høgare risiko enn høgrisikoyrke
1024045977.0,Hjort,haust,Natt,4700,3977,7017376,236795,2,0.0003517749648646432,0.05276624472969648,>2x høgare risiko enn høgrisikoyrke
1024045860.0,Rådyr,haust,Natt,400,10604,7070676,202926,2,0.001550203335004108,0.2325305002506162,>10x høgare risiko enn høgrisikoyrke
1024047168.0,Rådyr,haust,Natt,200,9746,7071232,205959,3,0.00506003165330912,0.759004747996368,>10x høgare risiko enn høgrisikoyrke
1024045637.0,Rådyr,haust,Skumring,1000,10607,7105732,323057,2,0.0006199059551007282,0.09298589326510924,>2x høgare risiko enn høgrisikoyrke
1022805368.0,Rådyr,haust,Skumring,11800,1736,7070642,312178,2,0.00032098641264515274,0.04814796189677291,>2x høgare risiko enn høgrisikoyrke
1022805916.0,Hjort,haust,Natt,1660,9285,7021683,190529,3,0.0006399110950185321,0.09598666425277981,>2x høgare risiko enn høgrisikoyrke
1024046183.0,Rådyr,haust,Natt,5200,4882,7147687,330636,2,0.0002590104333719403,0.03885156500579104,1-2x høgare risiko enn høyrisikoyrke
1024045735.0,Rådyr,haust,Skumring,1470,5062,7069184,263942,2,0.0008836471919293851,0.13254707878940777,>5x høgare risiko enn høgrisikoyrke
1024045956.0,Rådyr,haust,Natt,776,3205,7069094,262649,2,0.0026438001454530714,0.3965700218179607,>10x høgare risiko enn høgrisikoyrke
1024046392.0,Rådyr,haust,Skumring,4130,3702,7079015,239500,2,0.00043006283271743856,0.06450942490761578,>2x høgare risiko enn høgrisikoyrke
1024046937.0,Rådyr,haust,Skumring,1200,5986,7025764,261086,2,0.0009153778908778016,0.13730668363167026,>5x høgare risiko enn høgrisikoyrke
1024045604.0,Rådyr,haust,Natt,1440,5634,7083023,240583,3,0.001215710874776917,0.18235663121653756,>5x høgare risiko enn høgrisikoyrke
1024045748.0,Rådyr,haust,Natt,2040,11101,7082325,248814,2,0.0002903528592969643,0.043552928894544644,>2x høgare risiko enn høgrisikoyrke
1024046277.0,Hjort,haust,Skumring,1500,13301,7038623,200394,4,0.0006591326432351878,0.09886989648527816,>2x høgare risiko enn høgrisikoyrke
1024046346.0,Rådyr,haust,Skumring,4100,2136,7080886,241352,2,0.0007508155734166238,0.11262233601249357,>5x høgare risiko enn høgrisikoyrke
1024045860.0,Rådyr,haust,Skumring,400,10604,7069440,201372,2,0.001550203335004108,0.2325305002506162,>10x høgare risiko enn høgrisikoyrke
1024046640.0,Rådyr,haust,Natt,1800,6784,6997992,232678,2,0.0005384681657620401,0.08077022486430602,>2x høgare risiko enn høgrisikoyrke
1022805738.0,Hjort,haust,Natt,1700,13680,7018961,176752,4,0.0005654749282553685,0.08482123923830527,>2x høgare risiko enn høgrisikoyrke
1022805916.0,Hjort,haust,Skumring,1660,9285,7021691,190374,2,0.0004266073966790214,0.06399110950185322,>2x høgare risiko enn høgrisikoyrke
1022805477.0,Hjort,haust,Natt,1700,3174,7017984,175000,2,0.0012186038151438942,0.18279057227158413,>5x høgare risiko enn høgrisikoyrke
1024046652.0,Rådyr,haust,Natt,280,5291,7094965,330765,2,0.004438360602744164,0.6657540904116246,>10x høgare risiko enn høgrisikoyrke
1024046631.0,Rådyr,haust,Skumring,700,17819,7147962,315594,2,0.0005271533969160867,0.07907300953741302,>2x høgare risiko enn høgrisikoyrke
1024046131.0,Rådyr,haust,Natt,1500,4662,7053118,248102,2,0.0009402749128776527,0.14104123693164788,>5x høgare risiko enn høgrisikoyrke
1024046011.0,Rådyr,haust,Skumring,2300,7350,7196545,330778,2,0.0003889584422214389,0.058343766333215835,>2x høgare risiko enn høgrisikoyrke
1024045527.0,Rådyr,haust,Natt,1970,8511,7033426,243033,2,0.0003921674647233723,0.058825119708505846,>2x høgare risiko enn høgrisikoyrke
1024046633.0,Rådyr,haust,Skumring,1070,1399,7079866,244350,2,0.004392551733049257,0.6588827599573887,>10x høgare risiko enn høgrisikoyrke
1024046353.0,Rådyr,haust,Natt,1200,13696,7008585,219546,2,0.0004000768147484317,0.06001152221226476,>2x høgare risiko enn høgrisikoyrke
1024047044.0,Elg,haust,Skumring,3800,3671,7110520,328487,2,0.00047135747220414806,0.0707036208306222,>2x høgare risiko enn høgrisikoyrke
1024046419.0,Rådyr,haust,Dag,4160,6814,7044886,262434,2,0.00023196524356505218,0.03479478653475783,1-2x høgare risiko enn høyrisikoyrke
1024046292.0,Rådyr,haust,Dag,2310,6616,7127748,316392,2,0.00043024011485690104,0.06453601722853515,>2x høgare risiko enn høgrisikoyrke
1024045635.0,Hjort,haust,Skumring,500,60514,7056861,203757,2,0.00021731640498904136,0.032597460748356205,1-2x høgare risiko enn høyrisikoyrke
1024046277.0,Rådyr,sommar,Skumring,1500,13301,7035074,201041,4,0.0006591326432351878,0.09886989648527816,>2x høgare risiko enn høgrisikoyrke
1024045886.0,Rådyr,sommar,Skumring,1300,6690,7051368,254103,2,0.0007560471962462257,0.11340707943693386,>5x høgare risiko enn høgrisikoyrke
1024045652.0,Rådyr,sommar,Natt,349,14238,7158686,299005,3,0.0019848844105044647,0.2977326615756697,>10x høgare risiko enn høgrisikoyrke
1024046011.0,Rådyr,sommar,Dag,2300,7350,7196529,329518,3,0.0005834376633321583,0.08751564949982375,>2x høgare risiko enn høgrisikoyrke
1024046631.0,Elg,sommar,Skumring,700,17819,7145984,317514,2,0.0005271533969160867,0.07907300953741302,>2x høgare risiko enn høgrisikoyrke
1024046398.0,Rådyr,sommar,Skumring,2080,5404,7068462,195364,2,0.0005849782271103869,0.08774673406655804,>2x høgare risiko enn høgrisikoyrke
1024046433.0,Rådyr,sommar,Skumring,500,30115,7116943,349158,2,0.00043668221588931926,0.0655023323833979,>2x høgare risiko enn høgrisikoyrke
1024045703.0,Elg,sommar,Skumring,418,55635,7151982,420849,2,0.0002827443941373445,0.04241165912060167,>2x høgare risiko enn høgrisikoyrke
1024045611.0,Rådyr,sommar,Dag,800,4754,7060126,210752,3,0.002593346050333965,0.3890019075500948,>10x høgare risiko enn høgrisikoyrke
1024046114.0,Rådyr,sommar,Skumring,735,13592,7107264,315226,2,0.0006581845328938416,0.09872767993407625,>2x høgare risiko enn høgrisikoyrke
1024045832.0,Rådyr,sommar,Skumring,4190,6387,7037354,297736,2,0.00024570129083626476,0.036855193625439715,1-2x høgare risiko enn høyrisikoyrke
1024046283.0,Hjort,sommar,Skumring,2200,6262,7060413,204686,2,0.0004772903273535484,0.07159354910303226,>2x høgare risiko enn høgrisikoyrke
1024045630.0,Rådyr,sommar,Skumring,461,13700,7076840,273854,2,0.0010411106394783516,0.15616659592175275,>5x høgare risiko enn høgrisikoyrke
1022805621.0,Elg,sommar,Skumring,4980,4610,6954150,231460,2,0.00028640995503721717,0.04296149325558257,>2x høgare risiko enn høgrisikoyrke
1024046601.0,Rådyr,sommar,Skumring,1720,13505,7072760,264834,2,0.00028307097568314166,0.04246064635247125,>2x høgare risiko enn høgrisikoyrke
1024045911.0,Rådyr,sommar,Skumring,260,59863,7097585,272085,2,0.0004224609310331298,0.06336913965496947,>2x høgare risiko enn høgrisikoyrke
1024045635.0,Rådyr,sommar,Dag,500,60514,7056634,174981,2,0.00021731640498904136,0.032597460748356205,1-2x høgare risiko enn høyrisikoyrke
1022805395.0,Rådyr,sommar,Dag,2080,5925,7011586,162330,2,0.0005335396353256592,0.08003094529884888,>2x høgare risiko enn høgrisikoyrke
1024045683.0,Rådyr,sommar,Skumring,435,9478,7155821,303734,2,0.0015948227269814003,0.23922340904721004,>10x høgare risiko enn høgrisikoyrke
1024046588.0,Rådyr,sommar,Dag,6030,1770,7074922,236665,2,0.0006160667908811333,0.09241001863217,>2x høgare risiko enn høgrisikoyrke
1024046277.0,Rådyr,sommar,Dag,1500,13301,7032778,201949,2,0.0003295663216175939,0.04943494824263908,>2x høgare risiko enn høgrisikoyrke
1024045551.0,Rådyr,sommar,Skumring,877,20271,7203760,367821,2,0.00036986531842189555,0.055479797763284336,>2x høgare risiko enn høgrisikoyrke
1024045964.0,Rådyr,sommar,Skumring,697,28148,7061787,277638,2,0.00033514909946959106,0.05027236492043866,>2x høgare risiko enn høgrisikoyrke
1024045652.0,Rådyr,sommar,Skumring,349,14238,7156504,297204,2,0.0013232562736696432,0.1984884410504465,>5x høgare risiko enn høgrisikoyrke
1024046726.0,Rådyr,sommar,Dag,920,12989,7158134,322378,2,0.0005502433886995873,0.0825365083049381,>2x høgare risiko enn høgrisikoyrke
1024045828.0,Rådyr,sommar,Skumring,1420,11843,7083643,259190,2,0.000390992389023612,0.0586488583535418,>2x høgare risiko enn høgrisikoyrke
1022805618.0,Rådyr,sommar,Skumring,9000,2598,7091630,325220,2,0.00028121385962507164,0.04218207894376075,>2x høgare risiko enn høgrisikoyrke
1024046131.0,Rådyr,sommar,Dag,1500,4662,7052668,248004,2,0.0009402749128776527,0.14104123693164788,>5x høgare risiko enn høgrisikoyrke
1024045831.0,Elg,sommar,Dag,612,24096,6945170,331240,2,0.0004458841150751992,0.06688261726127988,>2x høgare risiko enn høgrisikoyrke
1024046670.0,Rådyr,sommar,Skumring,355,18427,7072954,248586,2,0.0010051604413538041,0.15077406620307063,>5x høgare risiko enn høgrisikoyrke
1024045834.0,Rådyr,sommar,Dag,2300,7883,7065986,201231,2,0.00036265946344381277,0.054398919516571914,>2x høgare risiko enn høgrisikoyrke
1024045735.0,Rådyr,sommar,Skumring,1470,5062,7068193,264495,3,0.0013254707878940777,0.19882061818411165,>5x høgare risiko enn høgrisikoyrke
1024046090.0,Rådyr,sommar,Skumring,600,6554,7096252,316420,2,0.0016720940051249682,0.2508141007687452,>10x høgare risiko enn høgrisikoyrke
1022805624.0,Rådyr,sommar,Dag,9600,7748,7056562,301680,2,8.840107212820277e-05,0.013260160819230414,Sals- og serviceyrke
1024045902.0,Rådyr,sommar,Dag,450,4214,7107760,319699,2,0.0034674589810438352,0.5201188471565753,>10x høgare risiko enn høgrisikoyrke
1024045572.0,Rådyr,sommar,Skumring,3500,4267,7112736,324416,2,0.00044027871477139675,0.06604180721570951,>2x høgare risiko enn høgrisikoyrke
1024045860.0,Rådyr,sommar,Dag,400,10604,7071140,203647,2,0.001550203335004108,0.2325305002506162,>10x høgare risiko enn høgrisikoyrke
1022805506.0,Rådyr,sommar,Dag,2200,18573,7209654,417559,2,0.00016092133903450816,0.024138200855176224,1-2x høgare risiko enn høyrisikoyrke
1024046298.0,Rådyr,sommar,Skumring,1500,5669,7133991,316082,2,0.0007732513042574734,0.115987695638621,>5x høgare risiko enn høgrisikoyrke
1024535183.0,Rådyr,sommar,Dag,300,14165,7047232,193050,2,0.001547321441523338,0.23209821622850071,>10x høgare risiko enn høgrisikoyrke
1024046270.0,Rådyr,sommar,Skumring,2500,1458,7196417,325324,3,0.0027059022492812446,0.4058853373921867,>10x høgare risiko enn høgrisikoyrke
1024046045.0,Rådyr,sommar,Skumring,619,15466,7082980,299260,2,0.0006868307369266542,0.10302461053899813,>2x høgare risiko enn høgrisikoyrke
1024045783.0,Rådyr,sommar,Dag,866,17686,7189785,329144,2,0.0004293098614653926,0.0643964792198089,>2x høgare risiko enn høgrisikoyrke
1024045895.0,Rådyr,sommar,Dag,1490,19621,7048797,245115,2,0.00022491114217623373,0.03373667132643506,1-2x høgare risiko enn høyrisikoyrke
1024046157.0,Rådyr,sommar,Dag,1700,8092,7059814,298692,2,0.00047798424484264956,0.07169763672639744,>2x høgare risiko enn høgrisikoyrke
1022805388.0,Rådyr,vår,Dag,2600,31163,7123182,353224,2,8.115322245751773e-05,0.012172983368627658,Sals- og serviceyrke
1024045655.0,Rådyr,vår,Skumring,1580,4049,7055987,248146,2,0.0010278115968239423,0.15417173952359134,>5x høgare risiko enn høgrisikoyrke
1024046316.0,Rådyr,vår,Skumring,1900,2416,7033543,265234,2,0.0014324116560111154,0.2148617484016673,>10x høgare risiko enn høgrisikoyrke
1024046726.0,Rådyr,vår,Dag,920,12989,7156162,325697,2,0.0005502433886995873,0.0825365083049381,>2x høgare risiko enn høgrisikoyrke
1024045820.0,Rådyr,vår,Dag,550,7275,7077412,307326,2,0.0016433220782888908,0.24649831174333361,>10x høgare risiko enn høgrisikoyrke
1024046622.0,Rådyr,vår,Dag,937,10573,7074760,271025,2,0.0006637133515065331,0.09955700272597996,>2x høgare risiko enn høgrisikoyrke
1022805870.0,Rådyr,vår,Skumring,2500,7382,7165548,383464,3,0.0005344358547076747,0.08016537820615122,>2x høgare risiko enn høgrisikoyrke
1022805754.0,Rådyr,vår,Dag,4400,13248,6957092,236316,2,0.00011280163156279892,0.01692024473441984,"Renhaldarar, hjelpearbeidarar mv."
1024045860.0,Rådyr,vår,Dag,400,10604,7071562,204386,2,0.001550203335004108,0.2325305002506162,>10x høgare risiko enn høgrisikoyrke
1024046370.0,Rådyr,vår,Dag,1430,2522,7096211,266148,2,0.0018232123649654854,0.2734818547448228,>10x høgare risiko enn høgrisikoyrke
1024045860.0,Rådyr,vår,Skumring,400,10604,7069239,199976,3,0.002325305002506162,0.3487957503759243,>10x høgare risiko enn høgrisikoyrke
1022805640.0,Rådyr,vår,Skumring,7200,3258,7107950,329096,2,0.00028030755344764273,0.04204613301714641,>2x høgare risiko enn høgrisikoyrke
1022805880.0,Rådyr,vår,Skumring,55000,631,7036072,268930,2,0.00018946383707688877,0.028419575561533315,1-2x høgare risiko enn høyrisikoyrke
1024045652.0,Rådyr,vår,Skumring,349,14238,7157714,298479,3,0.0019848844105044647,0.2977326615756697,>10x høgare risiko enn høgrisikoyrke
1022805804.0,Rådyr,vår,Dag,8600,2883,7058358,303825,2,0.0002652010771141747,0.03978016156712621,1-2x høgare risiko enn høyrisikoyrke
1024046553.0,Rådyr,vår,Skumring,1500,3273,7041530,299097,2,0.0013393100042271972,0.20089650063407957,>5x høgare risiko enn høgrisikoyrke
1024046449.0,Rådyr,vår,Dag,3530,5707,7154993,339814,2,0.00032638921466423496,0.04895838219963525,>2x høgare risiko enn høgrisikoyrke
1022805650.0,Rådyr,vår,Skumring,2370,5880,6942414,222070,2,0.00047183777273697756,0.07077566591054664,>2x høgare risiko enn høgrisikoyrke
1024046317.0,Rådyr,vår,Skumring,1840,6163,7158598,331385,2,0.0005798402868585867,0.086976043028788,>2x høgare risiko enn høgrisikoyrke
1022805713.0,Rådyr,vår,Skumring,8970,5703,7005993,259635,2,0.0001285353435361315,0.019280301530419725,"Bønder, fiskarar mv."
1022805917.0,Rådyr,vår,Skumring,2130,32999,6937060,220384,2,9.354875123906052e-05,0.014032312685859078,Sals- og serviceyrke
1024046640.0,Rådyr,vår,Dag,1800,6784,6998089,232679,2,0.0005384681657620401,0.08077022486430602,>2x høgare risiko enn høgrisikoyrke
1024046726.0,Rådyr,vår,Skumring,920,12989,7157076,325173,2,0.0005502433886995873,0.0825365083049381,>2x høgare risiko enn høgrisikoyrke
1022805754.0,Rådyr,vår,Skumring,4400,13248,6957031,235475,3,0.00016920244734419838,0.025380367101629758,1-2x høgare risiko enn høyrisikoyrke
1024045819.0,Rådyr,vår,Skumring,625,9576,7150824,308662,2,0.001098637003467573,0.16479555052013595,>5x høgare risiko enn høgrisikoyrke
1024045964.0,Rådyr,vår,Skumring,697,28148,7059230,273610,2,0.00033514909946959106,0.05027236492043866,>2x høgare risiko enn høgrisikoyrke
1024045635.0,Hjort,vår,Skumring,500,60514,7056596,203398,3,0.0003259746074835621,0.048896191122534315,>2x høgare risiko enn høgrisikoyrke
1024045637.0,Rådyr,vår,Dag,1000,10607,7105840,321964,2,0.0006199059551007282,0.09298589326510924,>2x høgare risiko enn høgrisikoyrke
1024045805.0,Rådyr,vår,Dag,600,9828,7037538,206162,2,0.0011150696082202931,0.16726044123304398,>5x høgare risiko enn høgrisikoyrke
1024045698.0,Rådyr,vår,Skumring,2200,6758,7030543,228836,2,0.00044225984461200357,0.06633897669180054,>2x høgare risiko enn høgrisikoyrke
1024046122.0,Rådyr,vår,Dag,3800,3178,7196457,322893,2,0.0005444786911458237,0.08167180367187354,>2x høgare risiko enn høgrisikoyrke
1024046627.0,Rådyr,vår,Skumring,1520,4701,7099148,266144,2,0.0009202048928214356,0.13803073392321533,>5x høgare risiko enn høgrisikoyrke
1024045906.0,Rådyr,vår,Natt,400,16391,7083979,234585,2,0.0010028891565117175,0.15043337347675761,>5x høgare risiko enn høgrisikoyrke
1024046195.0,Rådyr,vår,Skumring,584,30341,7069689,343372,2,0.0003710869140040526,0.05566303710060789,>2x høgare risiko enn høgrisikoyrke
1024046126.0,Rådyr,vår,Dag,688,5002,7129363,369098,2,0.0019106724943026932,0.28660087414540397,>10x høgare risiko enn høgrisikoyrke
1024045877.0,Rådyr,vår,Dag,1800,5465,7033634,261934,2,0.000668429649868194,0.1002644474802291,>2x høgare risiko enn høgrisikoyrke
1024045491.0,Rådyr,vår,Skumring,1300,10467,7105508,266350,2,0.000483228789804839,0.07248431847072585,>2x høgare risiko enn høgrisikoyrke
1024045843.0,Rådyr,vår,Natt,220,11420,7107918,316380,2,0.002617155893071734,0.39257338396076014,>10x høgare risiko enn høgrisikoyrke
1022805551.0,Rådyr,vår,Dag,8400,5216,7064532,306765,2,0.00015007263515541522,0.022510895273312282,1-2x høgare risiko enn høyrisikoyrke
1015073639.0,Rådyr,vår,Dag,2000,1404,7038566,277000,2,0.002341646177262616,0.3512469265893924,>10x høgare risiko enn høgrisikoyrke
1024045828.0,Rådyr,vår,Natt,1420,11843,7083694,257757,3,0.000586488583535418,0.08797328753031271,>2x høgare risiko enn høgrisikoyrke
1022805677.0,Rådyr,vår,Natt,3590,8567,6950176,226231,2,0.0002137938271833854,0.03206907407750781,1-2x høgare risiko enn høyrisikoyrke
1022805904.0,Rådyr,vår,Dag,8480,3885,7066696,307550,2,0.0001995866560353508,0.029937998405302618,1-2x høgare risiko enn høyrisikoyrke
1024045856.0,Rådyr,vår,Natt,5860,2605,7039888,291488,2,0.0004307378476514333,0.064610677147715,>2x høgare risiko enn høgrisikoyrke
1024045953.0,Rådyr,vår,Natt,883,14631,7162649,333908,2,0.0005089600135978847,0.0763440020396827,>2x høgare risiko enn høgrisikoyrke
1024045635.0,Rådyr,vår,Natt,500,60514,7056182,168762,2,0.00021731640498904136,0.032597460748356205,1-2x høgare risiko enn høyrisikoyrke
1024046131.0,Rådyr,vår,Natt,1500,4662,7051339,249096,2,0.0009402749128776527,0.14104123693164788,>5x høgare risiko enn høgrisikoyrke
1022805706.0,Hjort,vår,Natt,2450,21968,7022976,200286,2,0.0001221692120961366,0.018325381814420488,"Bønder, fiskarar mv."
1024046131.0,Rådyr,vår,Skumring,1500,4662,7052122,248490,2,0.0009402749128776527,0.14104123693164788,>5x høgare risiko enn høgrisikoyrke
1024046203.0,Rådyr,vår,Natt,729,5412,7107846,258898,2,0.0016666064605082808,0.2499909690762421,>10x høgare risiko enn høgrisikoyrke
1024046011.0,Rådyr,vår,Natt,2300,7350,7196561,330526,2,0.0003889584422214389,0.058343766333215835,>2x høgare risiko enn høgrisikoyrke
1022805388.0,Rådyr,vår,Natt,2600,31163,7122533,353277,2,8.115322245751773e-05,0.012172983368627658,Sals- og serviceyrke
1024046339.0,Rådyr,vinter,Natt,750,4256,7071284,284425,2,0.0020599443815016993,0.3089916572252549,>10x høgare risiko enn høgrisikoyrke
1024045652.0,Rådyr,vinter,Natt,349,14238,7158210,299216,2,0.0013232562736696432,0.1984884410504465,>5x høgare risiko enn høgrisikoyrke
1024046298.0,Rådyr,vinter,Skumring,1500,5669,7134408,316522,2,0.0007732513042574734,0.115987695638621,>5x høgare risiko enn høgrisikoyrke
